id,node_id,item_id,condition,supply_type,quantity,quantity_unit_of_measure,last_source_update_event,last_source_updated_at,version,created_at,created_by,last_updated_at,last_updated_by
06041bed-05dd-4c58-9d5a-8bff0f3fe650,PARIS###CL###3001,SKU001,NEW,ATP,11,UNITS,FULL_SYNC,2024-04-15T13:57:27.007+0530,1,2024-04-16T17:37:46.444+0530,GIV,2024-04-16T17:39:28.387+0530,GIV
c9077c8b-5bcf-4c1f-b7c5-878718fa1ffc,PARIS###CL###1507,SKU0305002,NEW,ATP,100,UNITS,STOCKS_UPDATED,2024-05-02T23:10:30.000+0530,1,2024-05-03T12:51:08.237+0530,GIV,2024-05-03T13:14:15.128+0530,GIV
e48e0e36-bd3e-443f-87bb-e29e0242b047,PARIS###CL###300,SKU100,NEW,ATP,97,UNITS,FULL_SYNC,2000-05-31T07:22:35.934+0530,6,2024-04-16T18:41:55.382+0530,GIV,2024-04-16T18:50:03.617+0530,GIV
4964c01f-e8ea-4b21-bd82-ff7afcc623a3,PARIS_EOM###CL###3002,SKU001,NEW,ATP,111,UNITS,FULL_SYNC,2019-09-24T19:45:22.000+0530,1,2024-04-16T23:01:13.556+0530,GIV,2024-04-16T23:20:10.178+0530,GIV
c2d96b7c-b10d-4626-8f7a-8feead346ea3,PARIS###CL###999,SKU888,NEW,ATP,999,UNITS,STOCKS_UPDATED,2024-04-17T11:45:30.000+0530,0,2024-04-17T14:56:01.068+0530,GIV,2024-06-05T15:49:08.765+0530,
1af694a4-877d-48f3-83a3-9f786a52bb42,PARIS###CL###2000,SKU5678,NEW,ATP,0,UNITS,FULL_SYNC,2024-04-30T18:26:00.408+0530,1,2024-04-29T16:26:15.586+0530,GIV,2024-04-30T18:26:00.478+0530,GIV
207c0bec-de8b-4fcf-b609-6bde0f223f80,PARIS###CL###3005,SKU200,NEW,ATP,100,UNITS,FULL_SYNC,1999-05-31T07:22:35.000+0530,0,2024-04-17T11:58:04.411+0530,GIV,2024-06-05T15:49:08.765+0530,
a97bd648-ce25-40b3-ada1-9d03d8cd922c,PARIS###CL###1507,SKU0305001,NEW,ATP,100,UNITS,STOCKS_UPDATED,2024-05-02T23:10:30.000+0530,3,2024-05-03T12:51:08.237+0530,GIV,2024-05-03T13:14:15.128+0530,GIV
7c4c1594-4dfd-4d9c-8313-05a64218a35e,PARIS###CL###1507,SKU0305003,NEW,ATP,100,UNITS,STOCKS_UPDATED,2024-05-02T23:10:30.000+0530,1,2024-05-03T12:51:08.237+0530,GIV,2024-05-03T13:14:15.128+0530,GIV
71312704-bb8a-4fe5-85c2-293d8543a34a,PARIS###CL###1507,SKU0305004,NEW,ATP,100,UNITS,STOCKS_UPDATED,2024-05-02T23:10:30.000+0530,1,2024-05-03T12:51:08.237+0530,GIV,2024-05-03T13:14:15.128+0530,GIV
befffe98-5ed9-450b-bea9-8bd0cd85699c,PARIS###CL###3000,SKU01,NEW,ATP,104,UNITS,STOCKS_UPDATED,2024-05-21T16:30:00.000+0530,2,2024-04-16T17:20:28.736+0530,GIV,2024-05-23T13:19:14.814+0530,GIV
bc1b601a-3bd7-41dc-a571-882937131e26,PARIS###CL###444,SKU44,NEW,ATP,444,UNITS,STOCKS_UPDATED,1990-04-03T12:00:30.000+0530,0,2024-04-17T13:46:55.737+0530,GIV,2024-06-05T15:49:08.765+0530,
6b61460a-3e24-4928-a533-473c2dc3f63f,PARIS###CL###333,SKU333,NEW,ATP,333,UNITS,STOCKS_UPDATED,1990-04-03T12:00:30.000+0530,0,2024-04-17T13:50:39.315+0530,GIV,2024-06-05T15:49:08.765+0530,
747c230f-2be6-48b1-a835-7caca47d8f73,PARIS###CL###555,SKU555,NEW,ATP,555,UNITS,STOCKS_UPDATED,1990-04-03T12:00:30.000+0530,0,2024-04-17T13:50:39.315+0530,GIV,2024-06-05T15:49:08.765+0530,
67e8232b-26e6-43c8-95b9-eabcfb7f07bc,PARIS###CL###666,SKU666,NEW,ATP,666,UNITS,STOCKS_UPDATED,1990-04-03T12:00:30.000+0530,0,2024-04-17T13:50:39.315+0530,GIV,2024-06-05T15:49:08.765+0530,
0a97e4e5-0f63-4a46-b99e-bff735f89835,PARIS###CL###992,SKU992,NEW,ATP,992,UNITS,STOCKS_UPDATED,2024-04-17T11:45:30.000+0530,0,2024-04-17T14:56:01.068+0530,GIV,2024-06-05T15:49:08.765+0530,
8c78726a-9d2e-44b1-b89a-895d5054c75a,PARIS###CL###881,SKU881,NEW,ATP,881,UNITS,STOCKS_UPDATED,2024-04-17T11:45:30.000+0530,0,2024-04-17T14:56:01.068+0530,GIV,2024-06-05T15:49:08.765+0530,
60c1d104-af55-4e71-9db8-2723ca8a2507,PARIS###CL###5556,SKU989,NEW,ATP,3421,UNITS,FULL_SYNC,1970-07-21T23:41:37.249+0530,0,2024-04-17T15:06:51.996+0530,GIV,2024-06-05T15:49:08.765+0530,
9f277934-bb3e-4b15-89fb-27598bae0c39,PARIS###CL###5555,SKU987,NEW,ATP,342,UNITS,FULL_SYNC,1971-07-21T23:41:37.249+0530,1,2024-04-17T15:06:51.996+0530,GIV,2024-04-17T15:15:38.266+0530,GIV
e4bedcde-d9c5-4f18-b04f-afae7e76542d,PARIS###CL###5555,SKU988,NEW,ATP,342,UNITS,FULL_SYNC,1971-07-21T23:41:37.249+0530,1,2024-04-17T15:06:51.996+0530,GIV,2024-04-17T15:15:38.266+0530,GIV
f17608ab-2241-413a-938c-a9b4d8b95925,PARIS###CL###35,SKU21,NEW,ATP,30,UNITS,FULL_SYNC,2023-10-15T19:00:30.000+0530,0,2024-04-18T16:57:22.266+0530,GIV,2024-06-05T15:49:08.765+0530,
943bfa75-7011-4e3b-9bdc-a3787336ad1b,PARIS###CL###8888,SKU1002,NEW,ATP,1002,UNITS,FULL_SYNC,2019-08-24T19:45:22.000+0530,4,2024-04-18T10:17:42.657+0530,GIV,2024-04-24T12:58:29.091+0530,GIV
42982ffe-78ca-4579-9406-caad48f9309c,PARIS###CL###8888,SKU1003,NEW,ATP,1003,UNITS,FULL_SYNC,2019-08-24T19:45:22.000+0530,3,2024-04-18T10:17:42.657+0530,GIV,2024-04-24T12:58:29.091+0530,GIV
3a539d39-8000-44ef-9c75-12837c79c21d,PARIS###CL###8888,SKU1005,NEW,ATP,1004,UNITS,FULL_SYNC,2019-08-24T19:45:22.000+0530,0,2024-04-18T11:31:51.143+0530,GIV,2024-06-05T15:49:08.765+0530,
22d78491-df49-45a7-a846-74b5fb1c4af7,PARIS###CL###8888,SKU1004,NEW,ATP,1004,UNITS,FULL_SYNC,2019-08-24T19:45:22.000+0530,3,2024-04-18T10:17:42.657+0530,GIV,2024-04-24T12:58:29.091+0530,GIV
b9ea7260-1cdf-4b1d-8064-ffe621eba453,PARIS###CL###8888,SKU1007,NEW,ATP,10,UNITS,FULL_SYNC,2019-08-24T19:45:22.000+0530,0,2024-04-18T12:53:53.334+0530,GIV,2024-06-05T15:49:08.765+0530,
13481cea-a938-4ea5-b2ea-72d0077eabfa,PARIS###CL###8888,SKU1006,NEW,ATP,1000,UNITS,FULL_SYNC,2019-08-24T19:45:22.000+0530,1,2024-04-18T11:33:20.307+0530,GIV,2024-04-18T12:53:53.350+0530,GIV
d6183425-a362-4a04-80d3-8e7b32aac139,PARIS###CL###35,SKU215,NEW,ATP,15,UNITS,FULL_SYNC,2023-10-16T19:00:30.000+0530,1,2024-04-18T17:40:26.250+0530,GIV,2024-04-18T17:47:16.281+0530,GIV
de448b72-e143-431b-88d4-be9aaedaad11,PARIS###CL###8888,SKU112200,NEW,ATP,1002,UNITS,FULL_SYNC,2019-08-24T19:45:22.000+0530,0,2024-04-22T15:14:49.716+0530,GIV,2024-06-05T15:49:08.765+0530,
76fd3b28-3967-476f-8686-10fa366f4954,PARIS###CL###8888,SKU9999881,NEW,ATP,1003,UNITS,FULL_SYNC,2019-08-24T19:45:22.000+0530,0,2024-04-22T15:14:49.716+0530,GIV,2024-06-05T15:49:08.765+0530,
e1e24837-bea0-4c6d-a2f2-e6ef0f140504,PARIS###CL###8888,SKU99988,NEW,ATP,1004,UNITS,FULL_SYNC,2019-08-24T19:45:22.000+0530,0,2024-04-22T15:14:49.716+0530,GIV,2024-06-05T15:49:08.765+0530,
bfe31246-1fa0-49b5-ac15-6aaeb22673e7,PARIS###CL###8888,SKU9999,NEW,ATP,1005,UNITS,FULL_SYNC,2019-08-24T19:45:22.000+0530,0,2024-04-22T15:14:49.716+0530,GIV,2024-06-05T15:49:08.765+0530,
9332d8df-052d-47b4-91c7-0fce68b8c581,PARIS###CL###68,SKU1001,NEW,ATP,1001,UNITS,FULL_SYNC,2019-08-24T19:45:22.000+0530,0,2024-04-22T15:17:34.248+0530,GIV,2024-06-05T15:49:08.765+0530,
72ff02af-47f7-45f1-827b-c26062f616d8,PARIS###CL###69,SKU1002,NEW,ATP,1002,UNITS,FULL_SYNC,2019-08-24T19:45:22.000+0530,0,2024-04-22T15:17:34.248+0530,GIV,2024-06-05T15:49:08.765+0530,
b0c67cde-624e-44db-ac6f-424a3a443c1e,PARIS###CL###40,SKU1003,NEW,ATP,1003,UNITS,FULL_SYNC,2019-08-24T19:45:22.000+0530,0,2024-04-22T15:17:34.248+0530,GIV,2024-06-05T15:49:08.765+0530,
3e220678-4267-4cf2-8963-53ded95d53f2,PARIS###CL###23,SKU1004,NEW,ATP,1004,UNITS,FULL_SYNC,2019-08-24T19:45:22.000+0530,0,2024-04-22T15:17:34.248+0530,GIV,2024-06-05T15:49:08.765+0530,
c7bb1994-73b6-4288-a317-f92c81df3f46,PARIS###CL###2000,SKU9000,NEW,ATP,99,UNITS,FULL_SYNC,2024-04-24T19:45:22.000+0530,3,2024-04-17T11:00:50.216+0530,GIV,2024-04-30T13:33:37.161+0530,GIV
35c483dd-e2eb-4342-b627-2cf477652d27,PARIS###CL###2000,SKU004,NEW,ATP,10,UNITS,FULL_SYNC,2024-02-15T23:00:30.000+0530,1,2024-04-23T00:48:10.442+0530,GIV,2024-04-24T10:37:52.394+0530,GIV
7c41b15d-54b0-4f61-88e6-1492035eb4c8,PARIS###CL###8888,SKU1001,NEW,ATP,1001,UNITS,FULL_SYNC,2019-08-24T19:45:22.000+0530,5,2024-04-18T10:17:42.657+0530,GIV,2024-04-24T12:58:29.091+0530,GIV
7fa1a158-3c4f-40d3-94fa-46155f7ddefc,PARIS###CL###1122,SKU001,NEW,ATP,100,UNITS,FULL_SYNC,2024-04-28T19:30:00.000+0530,0,2024-04-29T18:00:11.837+0530,GIV,2024-06-05T15:49:08.765+0530,
052c6760-754c-432d-b5c5-1cbb88316489,PARIS###CL###1122,SKU002,NEW,ATP,103,UNITS,FULL_SYNC,2024-04-28T19:30:00.000+0530,0,2024-04-29T18:00:11.837+0530,GIV,2024-06-05T15:49:08.765+0530,
ff54a258-2e06-495b-aaa1-c1145b2f6a91,PARIS###CL###1122,SKU003,NEW,ATP,450,UNITS,STOCKS_UPDATED,2024-04-28T19:30:00.000+0530,0,2024-04-29T18:00:11.837+0530,GIV,2024-06-05T15:49:08.765+0530,
56176ead-2353-493e-bc7a-6b34f07badaf,PARIS###CL###7777,SKU0001,NEW,ATP,50,UNITS,FULL_SYNC,2024-04-28T19:45:22.000+0530,0,2024-04-29T19:42:54.544+0530,GIV,2024-06-05T15:49:08.765+0530,
bbe52f7c-4d86-4ba3-b713-5bb67c68aa69,PARIS###CL###2000,SKU9004,NEW,ATP,0,UNITS,FULL_SYNC,2024-04-30T19:21:59.582+0530,1,2024-04-17T11:49:59.415+0530,GIV,2024-04-30T19:21:59.765+0530,GIV
4878af5a-eca8-4820-857b-f95d12929270,PARIS###CL###2000,SKU9005,NEW,ATP,0,UNITS,FULL_SYNC,2024-04-30T19:21:59.582+0530,1,2024-04-17T11:49:59.415+0530,GIV,2024-04-30T19:21:59.765+0530,GIV
d4185611-65c7-45e8-9f4f-59e1b1c4e9fe,PARIS###CL###2000,SKU9006,NEW,ATP,0,UNITS,FULL_SYNC,2024-04-30T19:21:59.582+0530,1,2024-04-17T11:49:59.415+0530,GIV,2024-04-30T19:21:59.766+0530,GIV
71d9fa1d-6576-41e8-88c6-650f57360d4b,PARIS###CL###7777,SKU0002,NEW,ATP,50,UNITS,FULL_SYNC,2024-04-28T19:45:22.000+0530,0,2024-04-29T19:42:54.544+0530,GIV,2024-06-05T15:49:08.765+0530,
68f70002-29c2-4b3b-a5dc-c08bda31d581,PARIS###CL###7777,SKU0003,NEW,ATP,50,UNITS,FULL_SYNC,2024-04-28T19:45:22.000+0530,0,2024-04-29T19:42:54.544+0530,GIV,2024-06-05T15:49:08.765+0530,
278e2476-b99b-4a39-8879-3a8562c5d011,PARIS###CL###7777,SKU0004,NEW,ATP,50,UNITS,FULL_SYNC,2024-04-28T19:45:22.000+0530,0,2024-04-29T19:42:54.544+0530,GIV,2024-06-05T15:49:08.765+0530,
ba437a51-5a89-4790-a8f7-45b083300c83,PARIS###CL###2000,SKU6784,NEW,ATP,0,UNITS,FULL_SYNC,2024-04-30T18:26:00.408+0530,1,2024-04-29T16:26:15.587+0530,GIV,2024-04-30T18:26:00.478+0530,GIV
a669a405-6631-4c37-be18-af92b9729d2b,PARIS###CL###9999,SKU001,NEW,ATP,20,UNITS,FULL_SYNC,2019-08-24T19:45:22.000+0530,0,2024-04-30T12:10:03.792+0530,GIV,2024-06-05T15:49:08.765+0530,
77a4a947-a4c8-4ae9-9821-8d2289e5fea4,PARIS###CL###9999,SKU0003,NEW,ATP,40,UNITS,FULL_SYNC,2019-08-24T19:45:22.000+0530,0,2024-04-30T12:10:03.792+0530,GIV,2024-06-05T15:49:08.765+0530,
bc384596-ed64-4ef5-aa7e-1a96a4351de1,PARIS###CL###9999,SKU0004,NEW,ATP,50,UNITS,FULL_SYNC,2019-08-24T19:45:22.000+0530,0,2024-04-30T12:10:03.792+0530,GIV,2024-06-05T15:49:08.765+0530,
db757975-9261-475c-b75d-e1e715287fea,PARIS###CL###9999,SKU002,NEW,ATP,30,UNITS,STOCKS_UPDATED,2019-08-24T19:45:22.000+0530,0,2024-04-30T12:10:03.792+0530,GIV,2024-06-05T15:49:08.765+0530,
9fea1b4a-4aba-4f0e-bd52-4cf4cc121c0b,PARIS###CL###1100,SKU001,NEW,ATP,50,UNITS,FULL_SYNC,2019-08-24T19:45:22.000+0530,0,2024-04-30T12:40:24.074+0530,GIV,2024-06-05T15:49:08.765+0530,
02043efd-124d-404d-8fcf-3c6ca607030c,PARIS###CL###1100,SKU002,NEW,ATP,50,UNITS,FULL_SYNC,2019-08-24T19:45:22.000+0530,0,2024-04-30T12:40:24.074+0530,GIV,2024-06-05T15:49:08.765+0530,
d29af2d5-3592-4aeb-9d31-a3d73ed5a78d,PARIS###CL###1100,SKU0003,NEW,ATP,50,UNITS,FULL_SYNC,2019-08-24T19:45:22.000+0530,0,2024-04-30T12:40:24.074+0530,GIV,2024-06-05T15:49:08.765+0530,
0e33da17-fa87-4b7a-84be-488a79a09c25,PARIS###CL###1100,SKU0004,NEW,ATP,50,UNITS,FULL_SYNC,2019-08-24T19:45:22.000+0530,0,2024-04-30T12:40:24.074+0530,GIV,2024-06-05T15:49:08.765+0530,
0e32e35e-0de3-4c3a-8237-96a6f8c968ca,PARIS###CL###3000,SKU001,NEW,ATP,5,UNITS,FULL_SYNC,2024-02-15T23:00:30.000+0530,0,2024-04-30T14:25:00.704+0530,GIV,2024-06-05T15:49:08.765+0530,
79624580-5c3a-472e-88eb-f0c200f3d51c,PARIS###CL###2002,SKU004,NEW,ATP,10,UNITS,FULL_SYNC,2024-02-14T23:00:30.000+0530,0,2024-04-30T14:25:00.704+0530,GIV,2024-06-05T15:49:08.765+0530,
b1b88969-da0d-404c-b753-1a520fc02342,PARIS###CL###2000,SKU002,NEW,ATP,25,UNITS,FULL_SYNC,2024-02-15T23:00:30.000+0530,2,2024-04-30T11:51:02.076+0530,GIV,2024-04-30T14:41:03.094+0530,GIV
03d23888-bf0f-45a3-8a7d-ad1b8cc9e534,PARIS###CL###3939,SKU1001,NEW,ATP,40,UNITS,FULL_SYNC,2024-04-18T19:45:22.000+0530,1,2024-04-30T14:45:14.415+0530,GIV,2024-04-30T14:48:34.311+0530,GIV
c1383d3a-212c-4915-ae29-e9ad8ad3b16b,PARIS###CL###3939,SKU1002,NEW,ATP,40,UNITS,FULL_SYNC,2024-04-18T19:45:22.000+0530,1,2024-04-30T14:45:14.415+0530,GIV,2024-04-30T14:48:34.311+0530,GIV
fd233624-666a-4220-a760-b1582e11daa8,PARIS###CL###3939,SKU1003,NEW,ATP,40,UNITS,FULL_SYNC,2024-04-18T19:45:22.000+0530,1,2024-04-30T14:45:14.415+0530,GIV,2024-04-30T14:48:34.312+0530,GIV
0bac2cb6-ebd8-46ea-98b3-79118d3d2490,PARIS###CL###2000,SKU446,NEW,ATP,10,UNITS,FULL_SYNC,2024-02-02T23:00:30.000+0530,0,2024-05-02T15:20:11.946+0530,GIV,2024-06-05T15:49:08.765+0530,
4c3bbd19-01c6-46ea-92a4-49353136ea2b,PARIS###CL###3939,SKU1007,NEW,ATP,40,UNITS,FULL_SYNC,2024-04-18T19:45:22.000+0530,0,2024-04-30T14:52:06.778+0530,GIV,2024-06-05T15:49:08.765+0530,
96f6a9b9-bb56-4731-9b1a-416f68ee4715,PARIS###CL###3939,SKU1008,NEW,ATP,40,UNITS,FULL_SYNC,2024-04-18T19:45:22.000+0530,0,2024-04-30T14:52:06.778+0530,GIV,2024-06-05T15:49:08.765+0530,
b2608135-f401-4882-9040-02f1a9c9af22,PARIS###CL###3939,SKU1009,NEW,ATP,40,UNITS,FULL_SYNC,2024-04-18T19:45:22.000+0530,0,2024-04-30T14:52:06.778+0530,GIV,2024-06-05T15:49:08.765+0530,
aeb4841f-6d44-4c0e-8542-38f7639ed09a,PARIS###CL###3939,SKU1004,NEW,ATP,40,UNITS,FULL_SYNC,2024-04-18T19:45:22.000+0530,1,2024-04-30T14:45:14.415+0530,GIV,2024-04-30T14:52:06.792+0530,GIV
a149eed7-1879-43ee-84d0-6843567dd017,PARIS###CL###3939,SKU1005,NEW,ATP,40,UNITS,FULL_SYNC,2024-04-18T19:45:22.000+0530,1,2024-04-30T14:45:14.415+0530,GIV,2024-04-30T14:52:06.792+0530,GIV
51c21e6a-ef96-49e7-96a8-e3736a2d32ec,PARIS###CL###3939,SKU1006,NEW,ATP,40,UNITS,FULL_SYNC,2024-04-18T19:45:22.000+0530,1,2024-04-30T14:45:14.415+0530,GIV,2024-04-30T14:52:06.792+0530,GIV
bc427bdd-9e42-49bb-826a-b70cfcc36c49,PARIS###CL###2000,SKU001,NEW,ATP,10,UNITS,FULL_SYNC,2024-02-15T23:00:30.000+0530,3,2024-04-18T15:56:51.740+0530,GIV,2024-04-30T14:56:39.932+0530,GIV
569fd10e-b1e3-4f2a-8a93-bf85b37b2839,PARIS###CL###2000,SKU0205001,NEW,ATP,7,UNITS,FULL_SYNC,2024-02-15T23:00:30.000+0530,0,2024-05-02T15:46:02.910+0530,GIV,2024-06-05T15:49:08.765+0530,
217f2f37-b3f1-4924-9576-d1ea6971a76d,PARIS###CL###2000,SKU0205002,NEW,ATP,77,UNITS,FULL_SYNC,2024-02-15T23:00:30.000+0530,0,2024-05-02T15:46:02.910+0530,GIV,2024-06-05T15:49:08.765+0530,
3be53159-28d4-4313-93c5-ab1f9c60ed0b,PARIS###CL###2000,SKU90101,NEW,ATP,0,UNITS,FULL_SYNC,2024-04-30T18:26:00.408+0530,2,2024-04-30T14:50:59.352+0530,GIV,2024-04-30T18:26:00.478+0530,GIV
5c5df537-e6c6-48c5-96aa-89b99e72c1b1,PARIS###CL###2000,SKU8432,NEW,ATP,0,UNITS,FULL_SYNC,2024-04-30T18:26:00.408+0530,2,2024-04-30T15:22:27.958+0530,GIV,2024-04-30T18:26:00.478+0530,GIV
0a6da9bb-9c7c-4a19-b198-b157223abf82,PARIS###CL###1516,SKU1005,NEW,ATP,100,UNITS,FULL_SYNC,2019-08-24T19:45:22.000+0530,1,2024-04-30T17:30:12.348+0530,GIV,2024-04-30T17:30:45.662+0530,GIV
373316fe-ac76-41be-b35b-3936c3c14e8a,PARIS###CL###1516,SKU1001,NEW,ATP,200,UNITS,FULL_SYNC,2019-08-24T19:45:22.000+0530,2,2024-04-30T17:30:12.347+0530,GIV,2024-04-30T17:34:00.867+0530,GIV
8c38b439-d7b8-4637-b3c3-fadcba9d3cc4,PARIS###CL###1516,SKU1006,NEW,ATP,100,UNITS,FULL_SYNC,2024-04-29T23:00:30.000+0530,2,2024-04-30T17:30:12.347+0530,GIV,2024-04-30T17:42:03.124+0530,GIV
ddfee8ba-b0cc-4065-8879-239ce6f82f56,PARIS###CL###2000,SKU6789,NEW,ATP,0,UNITS,FULL_SYNC,2024-04-30T18:26:00.408+0530,1,2024-04-29T16:26:15.587+0530,GIV,2024-04-30T18:26:00.478+0530,GIV
f67db6c3-ce61-4b3e-99f6-85aae2afd456,PARIS###CL###2000,SKU6743,NEW,ATP,0,UNITS,FULL_SYNC,2024-04-30T18:26:00.408+0530,2,2024-04-30T17:16:54.855+0530,GIV,2024-04-30T18:26:00.478+0530,GIV
08221852-a565-45d1-8c68-335c384430bc,PARIS###CL###2000,SKU9887,NEW,ATP,0,UNITS,FULL_SYNC,2024-04-30T19:21:59.582+0530,2,2024-04-27T16:46:56.342+0530,GIV,2024-04-30T19:21:59.766+0530,GIV
d21f1e1e-ddaf-4fcf-a35f-d9664e094d0c,PARIS###CL###2000,SKU0998,NEW,ATP,0,UNITS,FULL_SYNC,2024-04-30T19:21:59.582+0530,2,2024-04-27T16:46:56.342+0530,GIV,2024-04-30T19:21:59.766+0530,GIV
dc77dbdf-1b98-404e-96e4-4e651003c169,PARIS###CL###2000,SKU80001,NEW,ATP,0,UNITS,FULL_SYNC,2024-04-30T19:21:59.582+0530,2,2024-04-26T14:49:45.271+0530,GIV,2024-04-30T19:21:59.766+0530,GIV
9b3d5faa-2355-401c-aaaf-5174ad63991d,PARIS###CL###2000,SKU003,NEW,ATP,0,UNITS,FULL_SYNC,2024-04-30T19:21:59.582+0530,1,2024-04-27T16:24:46.410+0530,GIV,2024-04-30T19:21:59.766+0530,GIV
779868f9-46b6-415e-ac10-50a24d102787,PARIS###CL###2000,SKU7004,NEW,ATP,0,UNITS,FULL_SYNC,2024-04-30T19:21:59.582+0530,2,2024-04-27T16:21:57.493+0530,GIV,2024-04-30T19:21:59.766+0530,GIV
3c615bca-be64-46b2-b93a-256e1104bb48,PARIS###CL###2000,SKU050,NEW,ATP,0,UNITS,FULL_SYNC,2024-04-30T19:21:59.582+0530,1,2024-04-27T16:35:08.152+0530,GIV,2024-04-30T19:21:59.766+0530,GIV
8ab2eea5-88f7-4a00-96f3-4f775f59f45d,PARIS###CL###2000,SKU9879,NEW,ATP,0,UNITS,FULL_SYNC,2024-04-30T19:21:59.582+0530,1,2024-04-29T11:31:29.681+0530,GIV,2024-04-30T19:21:59.766+0530,GIV
f3572bb7-4d26-488f-bf94-d44c953d0d1d,PARIS###CL###2050,SKU004,NEW,ATP,10,UNITS,FULL_SYNC,2024-02-01T23:00:30.000+0530,0,2024-05-02T10:49:32.624+0530,GIV,2024-06-05T15:49:08.765+0530,
6a38bae6-738b-4c06-8ea1-a3262630a45e,PARIS###CL###2030,SKU001,NEW,ATP,10,UNITS,FULL_SYNC,2024-02-01T23:00:30.000+0530,1,2024-05-02T10:49:32.624+0530,GIV,2024-05-02T11:02:19.268+0530,GIV
c2bdde24-fb47-4ec6-a6ee-d73718a9d68e,PARIS###CL###2000,SKU758,NEW,ATP,10,UNITS,FULL_SYNC,2024-05-02T12:30:30.000+0530,1,2024-05-02T12:42:12.938+0530,GIV,2024-05-02T12:42:30.828+0530,GIV
f8f4d355-c3fd-4653-8457-effd4f8f862a,PARIS###CL###2000,SKU4456,NEW,ATP,10,UNITS,FULL_SYNC,2024-02-02T14:30:30.000+0530,0,2024-05-02T15:14:56.065+0530,GIV,2024-06-05T15:49:08.765+0530,
97e10f7d-714f-4f02-b1fb-68e0831f628b,PARIS###CL###2000,SKU0205004,NEW,ATP,7777,UNITS,FULL_SYNC,2024-02-15T23:00:30.000+0530,0,2024-05-02T15:46:02.910+0530,GIV,2024-06-05T15:49:08.765+0530,
18208680-9c15-49c6-baa9-d2ae3e6e8d71,PARIS###CL###2000,SKU0205003,NEW,ATP,777,UNITS,FULL_SYNC,2024-02-12T23:00:30.000+0530,0,2024-05-02T15:54:55.966+0530,GIV,2024-06-05T15:49:08.765+0530,
144dc485-c29d-44c4-a8b4-b0a16e5ec9f5,PARIS###CL###7777,SKU0205001,NEW,ATP,7,UNITS,FULL_SYNC,2024-02-12T23:00:30.000+0530,0,2024-05-02T16:00:57.564+0530,GIV,2024-06-05T15:49:08.765+0530,
f914d6d8-0376-4409-b8ce-b5ac3b2cded8,PARIS###CL###7777,SKU0205002,NEW,ATP,77,UNITS,FULL_SYNC,2024-02-12T23:00:30.000+0530,0,2024-05-02T16:00:57.565+0530,GIV,2024-06-05T15:49:08.765+0530,
400db1ba-f014-42f3-b834-19a2ebe5ed57,PARIS###CL###7777,SKU0205003,NEW,ATP,777,UNITS,FULL_SYNC,2024-02-12T23:00:30.000+0530,0,2024-05-02T16:00:57.565+0530,GIV,2024-06-05T15:49:08.765+0530,
adb7722b-b0a9-4558-a945-b9b30547928e,PARIS###CL###7777,SKU0205004,NEW,ATP,7777,UNITS,FULL_SYNC,2024-02-12T23:00:30.000+0530,0,2024-05-02T16:00:57.565+0530,GIV,2024-06-05T15:49:08.765+0530,
fa56630f-09c3-4d00-a255-57f81194589f,PARIS###CL###demo3,SKU9011,NEW,ATP,1000,UNITS,FULL_SYNC,2024-05-06T03:31:00.000+0530,0,2024-05-08T11:57:02.994+0530,GIV,2024-06-05T15:49:08.765+0530,
3d785523-dac4-45fd-a371-354f39ecb569,PARIS###CL###4321,SKU4444,NEW,ATP,0,UNITS,FULL_SYNC,2024-05-14T13:00:00.000+0530,1,2024-05-14T15:03:04.089+0530,GIV,2024-05-14T15:55:43.911+0530,GIV
02487236-bc09-40c8-8902-d7d373a9c67b,PARIS###CL###4321,SKU4440,NEW,ATP,9090,UNITS,FULL_SYNC,2024-05-14T11:45:30.000+0530,2,2024-05-14T15:03:04.088+0530,GIV,2024-05-14T15:13:53.226+0530,GIV
b8df70a1-ba26-4cb6-8109-1b00c6f4053a,PARIS###CL###4321,SKU4446,NEW,ATP,891,UNITS,FULL_SYNC,2024-05-14T12:00:00.000+0530,1,2024-05-14T15:03:04.089+0530,GIV,2024-05-14T15:55:43.465+0530,GIV
b30aed57-795f-4f0e-8455-f8f6bbd56f92,PARIS###CL###2000,SKU001110,NEW,ATP,0,UNITS,FULL_SYNC,2024-05-02T20:00:00.000+0530,1,2024-05-02T19:50:36.099+0530,GIV,2024-05-02T20:21:12.632+0530,GIV
73358626-b0c0-4c26-9272-10750ea18319,PARIS###CL###2000,SKU001111,NEW,ATP,0,UNITS,FULL_SYNC,2024-05-02T20:00:00.000+0530,1,2024-05-02T19:50:36.100+0530,GIV,2024-05-02T20:21:12.633+0530,GIV
bdf49f1f-95d4-4607-b010-27f3c941ce5c,PARIS###CL###2000,SKU001112,NEW,ATP,0,UNITS,FULL_SYNC,2024-05-02T20:00:00.000+0530,1,2024-05-02T19:50:36.100+0530,GIV,2024-05-02T20:21:12.633+0530,GIV
fc0b0022-e865-4d18-ac04-991b77522f13,PARIS###CL###2000,SKU001113,NEW,ATP,0,UNITS,FULL_SYNC,2024-05-02T20:00:00.000+0530,1,2024-05-02T19:50:36.100+0530,GIV,2024-05-02T20:21:12.633+0530,GIV
1a4bd0ce-5138-4fca-8172-f57f49437b2c,PARIS###CL###2000,SKU001114,NEW,ATP,0,UNITS,FULL_SYNC,2024-05-02T20:00:00.000+0530,1,2024-05-02T19:50:36.100+0530,GIV,2024-05-02T20:21:12.633+0530,GIV
fdef86cf-af31-4da4-b7a8-12b6b19641c5,PARIS###CL###2000,SKU001115,NEW,ATP,0,UNITS,FULL_SYNC,2024-05-02T20:00:00.000+0530,1,2024-05-02T19:50:36.100+0530,GIV,2024-05-02T20:21:12.633+0530,GIV
11cb2820-b5a9-4a24-9897-848736c1f0cb,PARIS###CL###2000,SKU001116,NEW,ATP,0,UNITS,FULL_SYNC,2024-05-02T20:00:00.000+0530,1,2024-05-02T19:50:36.101+0530,GIV,2024-05-02T20:21:12.633+0530,GIV
40ed27e6-cb0a-4005-9ac3-1e59519c9e5e,PARIS###CL###2000,SKU001117,NEW,ATP,0,UNITS,FULL_SYNC,2024-05-02T20:00:00.000+0530,1,2024-05-02T19:50:36.101+0530,GIV,2024-05-02T20:21:12.633+0530,GIV
51a68005-b6ac-415f-9a6b-bbdc9dfdb7ed,PARIS###CL###2000,SKU001118,NEW,ATP,0,UNITS,FULL_SYNC,2024-05-02T20:00:00.000+0530,1,2024-05-02T19:50:36.101+0530,GIV,2024-05-02T20:21:12.633+0530,GIV
d759e345-e7d3-426d-bdfb-d6687c129dd1,PARIS###CL###2000,SKU001119,NEW,ATP,0,UNITS,FULL_SYNC,2024-05-02T20:00:00.000+0530,1,2024-05-02T19:50:36.101+0530,GIV,2024-05-02T20:21:12.633+0530,GIV
06ecadc7-a469-4102-9fe9-5a5cdd8eaec0,PARIS###CL###2000,SKU0011110,NEW,ATP,0,UNITS,FULL_SYNC,2024-05-02T20:00:00.000+0530,1,2024-05-02T19:50:36.101+0530,GIV,2024-05-02T20:21:12.633+0530,GIV
ce84dd06-1a2b-482d-a03a-e20ba05286b3,PARIS###CL###2000,SKU0011111,NEW,ATP,0,UNITS,FULL_SYNC,2024-05-02T20:00:00.000+0530,1,2024-05-02T19:50:36.101+0530,GIV,2024-05-02T20:21:12.633+0530,GIV
54b55be4-d4bc-462d-a53f-e5daf9ee4210,PARIS###CL###2000,SKU0011112,NEW,ATP,0,UNITS,FULL_SYNC,2024-05-02T20:00:00.000+0530,1,2024-05-02T19:50:36.102+0530,GIV,2024-05-02T20:21:12.633+0530,GIV
fdff7243-ff72-48e3-9b46-b4f9e449ad8d,PARIS###CL###2000,SKU0011113,NEW,ATP,0,UNITS,FULL_SYNC,2024-05-02T20:00:00.000+0530,1,2024-05-02T19:50:36.102+0530,GIV,2024-05-02T20:21:12.633+0530,GIV
962c5e05-4a0f-4896-84de-c49e8e6738bd,PARIS###CL###2207,SKU0205001,NEW,ATP,0,UNITS,FULL_SYNC,2024-05-02T20:30:00.000+0530,3,2024-05-02T16:04:38.997+0530,GIV,2024-05-03T12:25:29.944+0530,GIV
55195806-ea51-4262-811d-78ad9d4fa74a,PARIS###CL###2207,SKU0205002,NEW,ATP,0,UNITS,FULL_SYNC,2024-05-02T20:30:00.000+0530,2,2024-05-02T16:04:38.997+0530,GIV,2024-05-03T12:25:29.948+0530,GIV
95858f39-ec1d-443a-a81d-22ad2d92b5da,PARIS###CL###2207,SKU0205003,NEW,ATP,0,UNITS,FULL_SYNC,2024-05-02T20:30:00.000+0530,2,2024-05-02T16:04:38.997+0530,GIV,2024-05-03T12:25:29.948+0530,GIV
84f6a834-29da-4867-96b4-d5b0e944bac6,PARIS###CL###2207,SKU0205004,NEW,ATP,0,UNITS,FULL_SYNC,2024-05-02T20:30:00.000+0530,2,2024-05-02T16:04:38.997+0530,GIV,2024-05-03T12:25:29.948+0530,GIV
43962cfa-17ac-4a0f-aab0-2d7c9cf00bcc,PARIS###CL###demo3,SKU9052,NEW,ATP,10,UNITS,FULL_SYNC,2024-05-06T03:39:00.000+0530,0,2024-05-08T11:57:02.995+0530,GIV,2024-06-05T15:49:08.765+0530,
ddbc554c-576b-489f-8177-0f3f7546f162,PARIS###CL###de,SKU90110,NEW,ATP,10,UNITS,FULL_SYNC,2024-05-07T23:00:30.000+0530,1,2024-05-08T16:04:12.481+0530,GIV,2024-05-08T16:13:54.980+0530,GIV
2523dec6-3ec8-49ea-bf11-8b082c885636,PARIS###CL###de,SKU90120,NEW,ATP,0,UNITS,FULL_SYNC,2024-05-08T03:31:00.000+0530,1,2024-05-08T16:04:12.481+0530,GIV,2024-05-08T16:13:55.429+0530,GIV
a6b126b6-8128-41de-a77d-98e5daf71d41,PARIS###CL###de,SKU90130,NEW,ATP,0,UNITS,FULL_SYNC,2024-05-08T03:31:00.000+0530,1,2024-05-08T16:04:12.482+0530,GIV,2024-05-08T16:13:55.429+0530,GIV
e3327a7c-f450-4785-b5f4-14b483d390d6,PARIS###CL###de,SKU90140,NEW,ATP,0,UNITS,FULL_SYNC,2024-05-08T03:31:00.000+0530,1,2024-05-08T16:04:12.482+0530,GIV,2024-05-08T16:13:55.429+0530,GIV
73bcbf49-83af-4517-971f-924e98447499,PARIS###CL###de,SKU90150,NEW,ATP,0,UNITS,FULL_SYNC,2024-05-08T03:31:00.000+0530,1,2024-05-08T16:04:12.482+0530,GIV,2024-05-08T16:13:55.429+0530,GIV
32631608-bfac-480b-b538-83e994a21ad4,PARIS###CL###de,SKU90160,NEW,ATP,0,UNITS,FULL_SYNC,2024-05-08T03:31:00.000+0530,1,2024-05-08T16:04:12.482+0530,GIV,2024-05-08T16:13:55.429+0530,GIV
ad579648-87fc-4960-a3df-ba05bbbdcc7c,PARIS###CL###de,SKU90170,NEW,ATP,0,UNITS,FULL_SYNC,2024-05-08T03:31:00.000+0530,1,2024-05-08T16:04:12.482+0530,GIV,2024-05-08T16:13:55.429+0530,GIV
87367573-4b77-42fb-903b-b645ed17a663,PARIS###CL###de,SKU90180,NEW,ATP,0,UNITS,FULL_SYNC,2024-05-08T03:31:00.000+0530,1,2024-05-08T16:04:12.482+0530,GIV,2024-05-08T16:13:55.429+0530,GIV
22159a20-f8a2-4945-bff4-90cf5a73e953,PARIS###CL###de,SKU90190,NEW,ATP,0,UNITS,FULL_SYNC,2024-05-08T03:31:00.000+0530,1,2024-05-08T16:04:12.483+0530,GIV,2024-05-08T16:13:55.429+0530,GIV
5e500b65-8f40-4c99-ac28-ade35e2c9741,PARIS###CL###de,SKU90200,NEW,ATP,0,UNITS,FULL_SYNC,2024-05-08T03:31:00.000+0530,1,2024-05-08T16:04:12.483+0530,GIV,2024-05-08T16:13:55.430+0530,GIV
aa7031d1-9e56-4993-995b-b19b5619df86,PARIS###CL###dem,SKU901100,NEW,ATP,10,UNITS,FULL_SYNC,2024-05-07T23:00:30.000+0530,1,2024-05-08T16:19:37.506+0530,GIV,2024-05-08T16:24:23.450+0530,GIV
b3ef6e25-78a4-48d3-8452-d5f163470897,PARIS###CL###dem,SKU901200,NEW,ATP,0,UNITS,FULL_SYNC,2024-05-08T03:31:00.000+0530,1,2024-05-08T16:19:37.507+0530,GIV,2024-05-08T16:24:23.778+0530,GIV
256e93c6-323a-4a22-9fab-439287cf2f15,PARIS###CL###1743,SKU19745002,NEW,ATP,177,UNITS,FULL_SYNC,2024-05-03T05:30:00.000+0530,0,2024-05-13T23:10:37.279+0530,GIV,2024-06-05T15:49:08.765+0530,
b44ebdd8-6c0f-4d3b-a58b-abe6f8de7e6e,PARIS###CL###1234,SKU3377,NEW,ATP,200,UNITS,FULL_SYNC,2024-05-14T11:00:00.000+0530,1,2024-05-14T11:16:10.444+0530,GIV,2024-05-14T11:18:54.282+0530,GIV
2a50beb6-af4d-4f41-b312-9582686b903f,PARIS###CL###4321,SKU4441,NEW,ATP,0,UNITS,FULL_SYNC,2024-05-14T13:00:00.000+0530,2,2024-05-14T15:03:04.088+0530,GIV,2024-05-14T15:55:43.910+0530,GIV
812d86fb-5059-4143-b0d5-0576f4cfd9cd,PARIS###CL###4321,SKU4442,NEW,ATP,0,UNITS,FULL_SYNC,2024-05-14T13:00:00.000+0530,1,2024-05-14T15:03:04.088+0530,GIV,2024-05-14T15:55:43.911+0530,GIV
ceefa413-26ce-4936-be56-b76a51d0e779,PARIS###CL###4321,SKU4443,NEW,ATP,0,UNITS,FULL_SYNC,2024-05-14T13:00:00.000+0530,1,2024-05-14T15:03:04.089+0530,GIV,2024-05-14T15:55:43.911+0530,GIV
7880d21f-7895-4808-a6b1-4c6439f0b69f,PARIS###CL###4321,SKU4445,NEW,ATP,0,UNITS,FULL_SYNC,2024-05-14T13:00:00.000+0530,1,2024-05-14T15:03:04.089+0530,GIV,2024-05-14T15:55:43.911+0530,GIV
f9259a37-3e9c-41fb-8032-12ae5bff0f72,PARIS###CL###4321,SKU4449,NEW,ATP,9090,UNITS,FULL_SYNC,2024-05-14T12:00:00.000+0530,1,2024-05-14T15:03:04.089+0530,GIV,2024-05-14T15:06:32.317+0530,GIV
d24b5c1f-43a1-478d-bdb0-c73ab79553f0,PARIS###CL###9909,SKU8770,NEW,ATP,244,UNITS,FULL_SYNC,2024-05-08T11:00:00.000+0530,0,2024-05-14T15:32:13.854+0530,GIV,2024-06-05T15:49:08.765+0530,
356e4f09-82dd-497b-8f86-e734fa40fb6a,PARIS###CL###9909,SKU8771,NEW,ATP,100,UNITS,FULL_SYNC,2024-05-08T11:00:00.000+0530,0,2024-05-14T15:32:13.854+0530,GIV,2024-06-05T15:49:08.765+0530,
a35a61a0-e500-4f41-a3ad-72f12ac7260a,PARIS###CL###9909,SKU8772,NEW,ATP,100,UNITS,FULL_SYNC,2024-05-08T10:00:00.000+0530,0,2024-05-14T15:32:13.854+0530,GIV,2024-06-05T15:49:08.765+0530,
a756b422-5e30-44b6-a8a8-a54070cd87c8,PARIS###CL###9909,SKU8775,NEW,ATP,10,UNITS,FULL_SYNC,2024-05-08T11:00:00.000+0530,0,2024-05-14T15:32:13.854+0530,GIV,2024-06-05T15:49:08.765+0530,
0cf4b148-2209-458b-b0a8-fd20e7f930b6,PARIS###CL###140501,SKU1405005,NEW,ATP,1770,UNITS,FULL_SYNC,2024-05-04T05:30:00.000+0530,1,2024-05-14T19:57:12.358+0530,GIV,2024-05-14T19:58:56.433+0530,GIV
35597978-655b-41ab-89f6-80e0ca1362d7,PARIS###CL###140501,SKU1405004,NEW,ATP,1770,UNITS,FULL_SYNC,2024-05-04T05:30:00.000+0530,1,2024-05-14T19:57:12.358+0530,GIV,2024-05-14T19:58:56.433+0530,GIV
d19b8e7c-ad80-4cc7-b4e6-aaffdfef9406,ï»¿PARIS###CL###31786,SKU4871,NEW,ATP,177,UNITS,FULL_SYNC,2024-05-14T09:00:00.000+0530,1,2024-05-14T21:13:50.892+0530,GIV,2024-05-14T21:19:45.990+0530,GIV
9c886426-6f2f-4a86-9e6b-68b78c986798,PARIS###CL###9909,SKU8766,NEW,ATP,200,UNITS,FULL_SYNC,2024-05-08T11:00:00.000+0530,4,2024-05-14T15:32:13.853+0530,GIV,2024-05-14T15:47:06.657+0530,GIV
8f23c502-f8b8-4f62-a009-455e3a64c83b,PARIS###CL###9909,SKU8767,NEW,ATP,9000,UNITS,FULL_SYNC,2024-05-08T11:00:00.000+0530,2,2024-05-14T15:32:13.853+0530,GIV,2024-05-14T15:47:06.657+0530,GIV
92db06c6-1881-4c36-898d-3d5367e6db03,PARIS###CL###9909,SKU8768,NEW,ATP,9700,UNITS,FULL_SYNC,2024-05-08T11:00:00.000+0530,2,2024-05-14T15:32:13.853+0530,GIV,2024-05-14T15:47:06.657+0530,GIV
1508848b-f8b9-4e38-9385-c8e3796a234e,PARIS###CL###9909,SKU8769,NEW,ATP,8900,UNITS,FULL_SYNC,2024-05-08T11:00:00.000+0530,2,2024-05-14T15:32:13.853+0530,GIV,2024-05-14T15:47:06.658+0530,GIV
f9476321-c041-473a-afa4-5647e0817d7d,PARIS###CL###4321,SKU4448,NEW,ATP,899,UNITS,FULL_SYNC,2024-05-14T12:00:00.000+0530,1,2024-05-14T15:03:04.089+0530,GIV,2024-05-14T15:55:43.465+0530,GIV
cbf654c0-090c-48af-ad96-f45fa359e725,PARIS###CL###4321,SKU4447,NEW,ATP,890,UNITS,FULL_SYNC,2024-05-14T12:00:00.000+0530,1,2024-05-14T15:03:04.089+0530,GIV,2024-05-14T15:55:43.465+0530,GIV
00e91273-cfc4-4555-94e4-6838d7f5b80d,PARIS###CL###1505,SKU1705001,NEW,ATP,100,UNITS,STOCKS_UPDATED,2024-05-10T05:30:00.000+0530,0,2024-05-17T14:42:50.817+0530,GIV,2024-06-05T15:49:08.765+0530,
a0e4c5d1-92c4-4385-a95a-80f79c2e3423,PARIS###CL###1505,SKU1405006,NEW,ATP,0,UNITS,FULL_SYNC,2024-05-13T04:45:00.000+0530,3,2024-05-15T16:39:37.825+0530,GIV,2024-05-15T17:14:42.597+0530,GIV
2e5a8c26-eeb5-4520-91f8-6057bada6ede,PARIS###CL###1505,SKU1405007,NEW,ATP,0,UNITS,FULL_SYNC,2024-05-13T04:45:00.000+0530,3,2024-05-15T16:39:37.825+0530,GIV,2024-05-15T17:14:42.597+0530,GIV
1a9098ca-42c4-4b28-9cfc-cde7fc03402a,PARIS###CL###1505,SKU1405008,NEW,ATP,0,UNITS,FULL_SYNC,2024-05-13T04:45:00.000+0530,3,2024-05-15T16:39:37.825+0530,GIV,2024-05-15T17:14:42.597+0530,GIV
c085b03c-959d-4e5e-bc41-30c3e98a1ccc,PARIS###CL###3001,SKU215000,NEW,ATP,30,UNITS,FULL_SYNC,2023-10-15T19:00:30.000+0530,0,2024-05-21T13:22:59.408+0530,GIV,2024-06-05T15:49:08.765+0530,
75febc3b-7a6c-4e11-85ee-85c4208a2a96,PARIS###CL###3001,SKU2150,NEW,ATP,30,UNITS,FULL_SYNC,2023-10-15T19:00:30.000+0530,0,2024-05-21T13:25:17.231+0530,GIV,2024-06-05T15:49:08.765+0530,
c95040c9-07e0-437a-abfd-5206d36aeb5f,PARIS###CL###2008,SKU901,NEW,ATP,100,UNITS,STOCKS_UPDATED,2024-04-26T12:00:30.000+0530,0,2024-05-24T14:21:51.901+0530,GIV,2024-06-05T15:49:08.765+0530,
970a66c2-f18c-4ffb-9932-6a20862b8edf,PARIS###CL###2008,SKU0001,NEW,ATP,99,UNITS,FULL_SYNC,1982-03-13T02:10:16.216+0530,0,2024-05-24T14:31:08.147+0530,GIV,2024-06-05T15:49:08.765+0530,
4328542a-827c-494c-8fd9-d026de146074,2cfa70e2-61d1-4188-97b2-d805f7a81e3c,SKU9001,NEW,ATP,50,UNITS,FULL_SYNC,2014-07-22T09:16:14.316+0530,0,2024-05-24T16:00:53.311+0530,GIV,2024-06-05T15:49:08.765+0530,
4cdae454-98e3-4410-8c63-6d70ca489257,PARIS###CL###1305,SKU1405005,NEW,ATP,177,UNITS,FULL_SYNC,2024-05-09T04:40:00.000+0530,5,2024-05-14T19:07:35.681+0530,GIV,2024-05-14T19:47:02.443+0530,GIV
bf07432a-1fc3-4e67-8dd5-bd9cd382b894,PARIS###CL###1305,SKU1405004,NEW,ATP,177,UNITS,FULL_SYNC,2024-05-09T04:45:00.000+0530,5,2024-05-14T19:07:35.681+0530,GIV,2024-05-14T19:47:02.443+0530,GIV
b7d2da77-9fec-4f8e-9079-89b2325c85c0,PARIS###CL###1305,SKU1405002,NEW,ATP,0,UNITS,FULL_SYNC,2024-05-10T04:45:00.000+0530,3,2024-05-14T19:05:23.183+0530,GIV,2024-05-14T19:47:02.806+0530,GIV
8b0de929-de64-4f23-82b4-61b08dd71b2f,PARIS###CL###1305,SKU1405003,NEW,ATP,0,UNITS,FULL_SYNC,2024-05-10T04:45:00.000+0530,5,2024-05-14T19:07:35.680+0530,GIV,2024-05-14T19:47:02.806+0530,GIV
879926bb-b745-4cd3-96e0-773d88df6d06,PARIS###CL###1305,SKU1405006,NEW,ATP,0,UNITS,FULL_SYNC,2024-05-10T04:45:00.000+0530,5,2024-05-14T19:07:35.681+0530,GIV,2024-05-14T19:47:02.806+0530,GIV
577b19fd-5c62-4529-a3b9-0f733a6f898b,PARIS###CL###1305,SKU1405007,NEW,ATP,0,UNITS,FULL_SYNC,2024-05-10T04:45:00.000+0530,5,2024-05-14T19:07:35.681+0530,GIV,2024-05-14T19:47:02.806+0530,GIV
41545178-98e8-45df-aca3-9334a8a6db10,PARIS###CL###1305,SKU1405008,NEW,ATP,0,UNITS,FULL_SYNC,2024-05-10T04:45:00.000+0530,5,2024-05-14T19:07:35.681+0530,GIV,2024-05-14T19:47:02.806+0530,GIV
15a74b13-e911-40e3-bf24-ccc21440a6c3,PARIS###CL###1305,SKU1405009,NEW,ATP,0,UNITS,FULL_SYNC,2024-05-10T04:45:00.000+0530,5,2024-05-14T19:07:35.682+0530,GIV,2024-05-14T19:47:02.806+0530,GIV
74ff8911-d162-425e-9ea1-05948dc7a5d7,PARIS###CL###1305,SKU1405010,NEW,ATP,0,UNITS,FULL_SYNC,2024-05-10T04:45:00.000+0530,2,2024-05-14T19:16:51.408+0530,GIV,2024-05-14T19:47:02.806+0530,GIV
06d17a1d-64aa-42ad-a597-d12f06cd24a3,PARIS###CL###1405,SKU1405005,NEW,ATP,177,UNITS,FULL_SYNC,2024-05-09T04:40:00.000+0530,0,2024-05-14T19:48:27.157+0530,GIV,2024-06-05T15:49:08.765+0530,
b684014c-c346-4c2f-bc10-7ab0fa7e6ca4,PARIS###CL###1405,SKU1405004,NEW,ATP,177,UNITS,FULL_SYNC,2024-05-09T04:45:00.000+0530,0,2024-05-14T19:48:27.157+0530,GIV,2024-06-05T15:49:08.765+0530,
c3ec766f-344a-4038-ba0f-519818d6b979,1fba075f-db3e-4355-9725-d491289d104c,SKU9002,NEW,ATP,60,UNITS,FULL_SYNC,2014-07-22T09:16:14.316+0530,0,2024-05-24T17:38:19.742+0530,GIV,2024-06-05T15:49:08.765+0530,
7ec27b21-cad7-4459-9004-9c4cd1ff4ebe,1fba075f-db3e-4355-9725-d491289d104c,SKU001,NEW,ATP,10,UNITS,FULL_SYNC,2024-02-15T23:00:30.000+0530,0,2024-05-27T11:32:31.062+0530,GIV,2024-06-05T15:49:08.765+0530,
ad37a763-ccb3-4dcd-b03b-37d05ed6c942,PARIS###CL###1505,SKU1405005,NEW,ATP,100,UNITS,FULL_SYNC,2024-05-12T04:40:00.000+0530,2,2024-05-15T15:16:29.086+0530,GIV,2024-05-15T17:14:42.178+0530,GIV
4463aad0-24c4-4df7-85bf-cfc896c83102,PARIS###CL###1505,SKU1405004,NEW,ATP,100,UNITS,FULL_SYNC,2024-05-12T04:45:00.000+0530,2,2024-05-15T15:16:29.086+0530,GIV,2024-05-15T17:14:42.178+0530,GIV
50149be5-a3d8-4bb5-9afc-e5dee9c40f8f,PARIS###CL###1505,SKU1405003,NEW,ATP,100,UNITS,FULL_SYNC,2024-05-12T04:45:00.000+0530,2,2024-05-15T15:16:29.086+0530,GIV,2024-05-15T17:14:42.178+0530,GIV
e76cc4c8-d786-490c-b81a-f6df6549b0ce,PARIS###CL###1505,SKU1405002,NEW,ATP,100,UNITS,FULL_SYNC,2024-05-12T04:45:00.000+0530,2,2024-05-15T15:16:29.086+0530,GIV,2024-05-15T17:14:42.178+0530,GIV
a3068891-b04f-49fb-9ad9-d221d97a4669,PARIS###CL###1505,SKU1405009,NEW,ATP,0,UNITS,FULL_SYNC,2024-05-13T04:45:00.000+0530,3,2024-05-15T16:39:37.826+0530,GIV,2024-05-15T17:14:42.597+0530,GIV
d73d6b97-0c81-4b09-b5e6-4a239d4cfe49,PARIS###CL###2000,SKU9018,NEW,ATP,200,UNITS,FULL_SYNC,2024-05-15T10:00:00.000+0530,0,2024-05-15T18:50:11.103+0530,GIV,2024-06-05T15:49:08.765+0530,
c0b056a5-54a0-469f-9653-2b6a08771171,1fba075f-db3e-4355-9725-d491289d104c,SKU09011,NEW,ATP,105,UNITS,STOCKS_UPDATED,2024-05-25T12:00:30.000+0530,0,2024-05-27T14:37:22.425+0530,GIV,2024-06-05T15:49:08.765+0530,
fbbc9bd5-a305-4501-a78c-81666b32abee,PARIS###CL###1505,SKU1405001,NEW,ATP,0,UNITS,STOCKS_UPDATED,2024-05-13T05:30:00.000+0530,4,2024-05-15T15:16:29.087+0530,GIV,2024-05-15T19:22:41.979+0530,GIV
9d558654-4fd2-4091-a234-4675306851da,PARIS###CL###2000,SKU9080,NEW,ATP,200,UNITS,FULL_SYNC,2024-05-17T10:00:00.000+0530,0,2024-05-17T12:30:02.957+0530,GIV,2024-06-05T15:49:08.765+0530,
eced88b8-07e2-4a57-8254-7b592f4936e5,1fba075f-db3e-4355-9725-d491289d104c,SKU09012,NEW,ATP,120,UNITS,STOCKS_UPDATED,2024-05-25T15:00:30.000+0530,1,2024-05-27T14:41:06.913+0530,GIV,2024-05-27T14:44:24.678+0530,GIV
62bea9d7-253d-4ee4-80b5-476f8b8ffe74,1fba075f-db3e-4355-9725-d491289d104c,SKU1003,NEW,ATP,10,UNITS,FULL_SYNC,2024-02-15T23:00:30.000+0530,0,2024-05-27T20:00:34.104+0530,GIV,2024-06-05T15:49:08.765+0530,
0af5fe47-f062-432e-80db-5cc87195ee02,1fba075f-db3e-4355-9725-d491289d104c,SKU1004,NEW,ATP,15,UNITS,FULL_SYNC,2023-02-15T23:00:30.000+0530,0,2024-05-27T20:00:34.104+0530,GIV,2024-06-05T15:49:08.765+0530,
1602f448-b38e-45ec-8744-7fad02731442,1fba075f-db3e-4355-9725-d491289d104c,SKU1005,NEW,ATP,10,UNITS,FULL_SYNC,2024-02-15T23:00:30.000+0530,0,2024-05-27T20:00:34.104+0530,GIV,2024-06-05T15:49:08.765+0530,
80b46cd9-d38b-4072-871a-86537bad72df,1fba075f-db3e-4355-9725-d491289d104c,SKU1006,NEW,ATP,20,UNITS,FULL_SYNC,2023-02-15T23:00:30.000+0530,0,2024-05-27T20:00:34.104+0530,GIV,2024-06-05T15:49:08.765+0530,
fba0c137-6dea-4019-8b1a-2eecda766c36,1fba075f-db3e-4355-9725-d491289d104c,SKU1002,NEW,ATP,0,UNITS,FULL_SYNC,2024-05-24T18:30:00.000+0530,2,2024-05-27T11:32:31.061+0530,GIV,2024-05-27T20:00:34.475+0530,GIV
b5f50992-49fb-4db7-bb6b-4e51d112f181,1fba075f-db3e-4355-9725-d491289d104c,SKU9013,NEW,ATP,0,UNITS,FULL_SYNC,2024-05-24T18:30:00.000+0530,1,2024-05-27T15:58:36.606+0530,GIV,2024-05-27T20:00:34.475+0530,GIV
f6a2df46-965b-4536-8278-3da2387df267,2cfa70e2-61d1-4188-97b2-d805f7a81e3c,SKU0003,NEW,ATP,15,UNITS,FULL_SYNC,2023-05-15T23:00:30.000+0530,1,2024-05-28T10:27:54.852+0530,GIV,2024-05-28T14:28:35.384+0530,GIV
15da98f4-e4ad-4652-ad7c-833c880ac03c,2cfa70e2-61d1-4188-97b2-d805f7a81e3c,SKU0004,NEW,ATP,10,UNITS,FULL_SYNC,2024-05-15T23:00:30.000+0530,1,2024-05-28T10:27:54.852+0530,GIV,2024-05-28T14:28:35.384+0530,GIV
250877cc-3c20-4a7f-8e9b-5e5d6d35cfe3,2cfa70e2-61d1-4188-97b2-d805f7a81e3c,SKU001,NEW,ATP,0,UNITS,FULL_SYNC,2024-05-24T18:30:00.000+0530,2,2024-05-28T10:27:54.852+0530,GIV,2024-05-28T14:34:32.566+0530,GIV
cc84a015-5f2b-4e36-b7cf-263ab1522033,2cfa70e2-61d1-4188-97b2-d805f7a81e3c,SKU002,NEW,ATP,0,UNITS,FULL_SYNC,2024-05-24T08:54:00.000+0530,3,2024-05-28T10:27:54.853+0530,GIV,2024-05-28T16:05:01.318+0530,GIV
140c24b2-54bf-4701-81d1-1977b644764c,81906d2a-93c5-44ba-a610-5cac512d7c63,SKU2905005,NEW,ATP,177,UNITS,FULL_SYNC,2024-05-27T23:00:30.000+0530,2,2024-05-29T18:05:18.173+0530,GIV,2024-05-29T18:09:12.198+0530,GIV
68c24560-a2d0-4343-a66f-ef0225e6f0f4,81906d2a-93c5-44ba-a610-5cac512d7c63,SKU2905004,NEW,ATP,178,UNITS,FULL_SYNC,2024-05-27T23:00:30.000+0530,2,2024-05-29T18:05:18.173+0530,GIV,2024-05-29T18:09:12.198+0530,GIV
