job_id,event_type,system,event_generated_at,created_at,created_by,business_unit,country_code
3dea7df4-235e-45e0-bb36-e81730c1abd9,FULL_SYNC,PARIS_EOM,2024-04-16T17:11:43.556+0530,2024-04-16T17:12:30.344+0530,GIV,PARIS,CL
87576730-0e50-4e6b-89b5-c12387bb7670,FULL_SYNC,PARIS_EOM,2024-04-16T22:43:17.339+0530,2024-04-16T17:35:48.664+0530,GIV,PARIS,CL
34751d0a-458f-421f-bddb-ad47e0e56f12,FULL_SYNC,,2024-04-16T23:45:22.000+0530,2024-04-16T18:52:04.557+0530,GIV,,CL
4a215e65-8517-4ce3-9ea0-1c8113186980,FULL_SYNC,PARIS,2024-04-16T23:45:22.000+0530,2024-04-16T22:53:05.813+0530,GIV,PARIS_EOM,CL
7ffb0dc8-232d-4b2d-822f-1c7bd22722a1,STOCKS_UPDATED,PARIS_EOM,2024-04-17T23:00:30.000+0530,2024-04-17T10:51:38.534+0530,GIV,PARIS,CL
069cb718-0596-4637-b08e-9570436ccbe7,STOCKS_UPDATED,PARIS_EOM,2024-04-17T23:00:30.000+0530,2024-04-17T11:00:50.206+0530,GIV,PARIS,CL
14890161-8962-4403-a261-e4e9aa338429,STOCKS_UPDATED,PARIS_EOM,2024-04-17T23:00:30.000+0530,2024-04-17T11:00:56.202+0530,GIV,PARIS,CL
e1279f23-ae95-4eed-a01d-ceae2ffbf5a7,STOCKS_UPDATED,PARIS_EOM,2024-04-17T23:00:30.000+0530,2024-04-17T11:14:52.236+0530,GIV,PARIS,CL
2d968c59-3cbd-4ba3-bd04-4a860713a673,STOCKS_UPDATED,PARIS_EOM,2024-04-17T23:00:30.000+0530,2024-04-17T11:17:42.778+0530,GIV,PARIS,CL
213762bd-ede3-4619-94fe-3dea185e3283,FULL_SYNC,PARIS_EOM,2024-08-24T19:45:22.000+0530,2024-04-17T11:31:16.807+0530,GIV,PARIS,CL
c0e67349-44b1-4f8d-91a2-61f6b9b85a8a,FULL_SYNC,PARIS_EOM,2024-08-24T19:45:22.000+0530,2024-04-17T11:40:46.640+0530,GIV,PARIS,CL
0739a457-4ed4-44c2-85a5-1a0959861edf,STOCKS_UPDATED,PARIS_EOM,2024-03-29T20:00:30.000+0530,2024-04-17T11:43:03.745+0530,GIV,PARIS,CL
20681971-6ed8-4327-95ad-bd5529cf0b22,FULL_SYNC,PARIS_EOM,2024-08-24T19:45:22.000+0530,2024-04-17T11:43:51.953+0530,GIV,PARIS,CL
6fa0f598-b1cb-4cfe-bd4a-2eccb46fe9a9,STOCKS_UPDATED,PARIS_EOM,2024-04-17T18:30:30.000+0530,2024-04-17T11:49:59.280+0530,GIV,PARIS,CL
fcfb6f8c-466f-4aea-b4c7-7db58143eb7a,STOCKS_UPDATED,PARIS_EOM,1990-04-15T23:00:30.000+0530,2024-04-17T13:46:55.730+0530,GIV,PARIS,CL
c303512b-01ae-4154-8f67-08974427563c,STOCKS_UPDATED,PARIS_EOM,1990-04-15T23:00:30.000+0530,2024-04-17T13:50:39.244+0530,GIV,PARIS,CL
68cfab81-48ff-48a0-80e3-68b04d6f0a21,FULL_SYNC,PARIS_EOM,1990-08-24T19:45:22.000+0530,2024-04-17T14:46:16.262+0530,GIV,PARIS,CL
8b1fd73e-6359-4218-8081-60db495d3620,STOCKS_UPDATED,PARIS_EOM,2024-04-17T18:30:30.000+0530,2024-04-17T14:56:01.051+0530,GIV,PARIS,CL
ba25997f-1170-4ec7-a9da-172359242f1f,FULL_SYNC,PARIS_EOM,1995-08-24T19:45:22.000+0530,2024-04-17T15:01:35.731+0530,GIV,PARIS,CL
546029f5-f17d-4043-9d63-5ba95b170988,FULL_SYNC,PARIS_EOM,2024-01-31T20:30:00.000+0530,2024-04-17T15:28:56.882+0530,GIV,PARIS,CL
dcf14507-df5e-4fa0-a0d9-34afe10f2d3a,FULL_SYNC,PARIS_EOM,2024-08-24T19:45:22.000+0530,2024-04-18T10:13:06.855+0530,GIV,PARIS,CL
e21885e7-e4ca-41c6-bd75-aa85652a3e9b,FULL_SYNC,PARIS_EOM,2024-01-31T20:30:00.000+0530,2024-04-18T15:17:59.884+0530,GIV,PARIS,CL
890a7b78-af18-4507-b352-28b6ea8e823c,FULL_SYNC,PARIS_EOM,2024-01-31T20:30:00.000+0530,2024-04-18T15:49:57.224+0530,GIV,PARIS,CL
a086b940-20ab-4cd0-87c9-190687aaca4a,FULL_SYNC,PARIS_EOM,2024-03-31T20:30:00.000+0530,2024-04-18T15:56:50.439+0530,GIV,PARIS,CL
cb257163-e853-4e45-864d-44004d58cd6f,FULL_SYNC,PARIS_EOM,2024-08-24T19:45:22.000+0530,2024-04-18T17:12:42.964+0530,GIV,PARIS,CL
d7436a59-a624-484e-91d6-bc5fc3a4d762,FULL_SYNC,PARIS_EOM,2024-08-24T19:45:22.000+0530,2024-04-18T17:16:26.097+0530,GIV,PARIS,CL
3a8204db-8159-43cc-a395-f869769d8d3b,FULL_SYNC,PARIS_EOM,2024-08-24T19:45:22.000+0530,2024-04-18T17:33:43.644+0530,GIV,PARIS,CL
8ee1c049-d18f-4d30-b164-f4dd4cd14612,FULL_SYNC,PARIS_EOM,2024-08-24T19:45:22.000+0530,2024-04-18T17:36:35.139+0530,GIV,PARIS,CL
b2049b01-39e1-4e1c-bf98-a14683ed8d28,FULL_SYNC,PARIS_EOM,2024-08-24T19:45:22.000+0530,2024-04-22T13:04:38.280+0530,GIV,PARIS,CL
be8053fe-c987-474d-ac22-e8cfbff0fdce,FULL_SYNC,PARIS_EOM,2024-08-24T19:45:22.000+0530,2024-04-22T14:02:11.643+0530,GIV,PARIS,CL
bb3096fd-8d18-4468-8ac2-12414e69b8fc,FULL_SYNC,PARIS_EOM,2024-08-24T19:45:22.000+0530,2024-04-22T14:02:40.345+0530,GIV,PARIS,CL
c94e8999-27fa-4209-9385-2ff58c237ac1,FULL_SYNC,PARIS_EOM,2024-08-24T19:45:22.000+0530,2024-04-22T14:11:26.525+0530,GIV,PARIS,CL
005b306d-e9aa-4652-81f9-db5d3eb07a73,FULL_SYNC,PARIS_EOM,2024-08-24T19:45:22.000+0530,2024-04-22T14:11:34.536+0530,GIV,PARIS,CL
27439cb8-c377-4f16-8e6e-07457184e1b0,FULL_SYNC,PARIS_EOM,2024-08-24T19:45:22.000+0530,2024-04-22T14:11:43.504+0530,GIV,PARIS,CL
3eac4948-c6d5-4476-b6ac-92e340f298dd,FULL_SYNC,PARIS_EOM,2024-08-24T19:45:22.000+0530,2024-04-22T14:11:45.288+0530,GIV,PARIS,CL
e2ba5071-b415-45f9-b047-9be1958af20d,FULL_SYNC,PARIS_EOM,2024-08-24T19:45:22.000+0530,2024-04-22T15:11:20.782+0530,GIV,PARIS,CL
f4d60a39-ec51-4f72-aac1-dee8c0327033,FULL_SYNC,PARIS_EOM,2024-08-24T19:45:22.000+0530,2024-04-22T15:16:46.259+0530,GIV,PARIS,CL
2d1be939-6170-42f8-990f-b1f1f92da0c7,FULL_SYNC,PARIS_EOM,1976-08-19T20:08:21.804+0530,2024-04-22T15:46:11.449+0530,GIV,PARIS,CL
cae31895-613f-46d8-9035-c998652d2f6b,FULL_SYNC,PARIS_EOM,1976-08-19T20:08:21.804+0530,2024-04-22T15:56:10.219+0530,GIV,PARIS,CL
dffd89dd-dc8a-4e86-8bd1-94cf0f103b6b,FULL_SYNC,PARIS_EOM,2024-08-24T19:45:22.000+0530,2024-04-22T16:22:32.371+0530,GIV,PARIS,CL
8edd7964-d7e7-4be2-a4aa-c082411cd1da,FULL_SYNC,PARIS_EOM,2024-08-24T19:45:22.000+0530,2024-04-22T16:48:38.455+0530,GIV,PARIS,CL
7cfca08c-43bc-4530-b853-673c39eda443,FULL_SYNC,PARIS_EOM,2024-08-24T19:45:22.000+0530,2024-04-22T16:51:52.068+0530,GIV,PARIS,CL
148d2696-d88c-44be-991b-16e4e8bd2cd0,FULL_SYNC,PARIS_EOM,2024-08-24T19:45:22.000+0530,2024-04-22T16:54:30.423+0530,GIV,PARIS,CL
f26c953d-73fa-426d-98f7-5e6ea157fb46,FULL_SYNC,PARIS_EOM,2024-03-31T20:30:00.000+0530,2024-04-23T00:48:09.306+0530,GIV,PARIS,CL
d9596730-5690-4a74-8d0e-3524c2992729,FULL_SYNC,PARIS_EOM,2024-03-31T20:30:00.000+0530,2024-04-23T00:51:04.698+0530,GIV,PARIS,CL
1d35fce9-2fc0-4497-beff-1bcb5603cfe3,FULL_SYNC,PARIS_EOM,2024-08-24T19:45:22.000+0530,2024-04-23T17:01:29.700+0530,GIV,PARIS,CL
5e08180e-b626-457d-b082-1d878cc7b0d9,FULL_SYNC,PARIS_EOM,2024-08-24T19:45:22.000+0530,2024-04-23T17:01:58.334+0530,GIV,PARIS,CL
6f06bf72-335a-42f9-bf57-82a3e7c37674,FULL_SYNC,PARIS_EOM,2024-03-31T20:30:00.000+0530,2024-04-24T09:46:22.237+0530,GIV,PARIS,CL
2f0c2578-6fa1-4d37-82d1-cd79a0ff2f0b,FULL_SYNC,PARIS_EOM,2024-03-31T20:30:00.000+0530,2024-04-24T10:35:30.601+0530,GIV,PARIS,CL
d84e965a-20d5-4caa-9b89-1928c2b14d8e,FULL_SYNC,PARIS_EOM,2024-03-31T20:30:00.000+0530,2024-04-24T10:54:16.694+0530,GIV,PARIS,CL
399d9688-d3e9-4b42-9eb1-a14dd51b778f,FULL_SYNC,PARIS_EOM,2024-03-31T20:30:00.000+0530,2024-04-24T11:31:07.944+0530,GIV,PARIS,CL
00a71592-4fb4-45e2-b72e-8a49d630187e,FULL_SYNC,PARIS_EOM,2024-03-31T20:30:00.000+0530,2024-04-24T11:31:37.829+0530,GIV,PARIS,CL
be91a446-9f70-4ef5-9ff4-f4ba2d32f7f7,FULL_SYNC,PARIS_EOM,2024-03-31T20:30:00.000+0530,2024-04-24T11:32:07.844+0530,GIV,PARIS,CL
c4c442da-3c69-4a30-9adf-ae271a544429,FULL_SYNC,PARIS_EOM,2024-03-31T20:30:00.000+0530,2024-04-24T11:32:37.883+0530,GIV,PARIS,CL
f949adc8-3551-4c3e-a2c9-9223c8e6d9e1,FULL_SYNC,PARIS_EOM,2024-03-31T20:30:00.000+0530,2024-04-24T11:33:07.823+0530,GIV,PARIS,CL
a562b039-886d-44c2-9b7d-723802a045ff,FULL_SYNC,PARIS_EOM,2024-04-24T16:42:17.210+0530,2024-04-24T12:55:32.870+0530,GIV,PARIS,CL
6a22c329-e595-417c-a612-adc79bde4ea5,FULL_SYNC,PARIS_EOM,2024-03-31T20:30:00.000+0530,2024-04-25T01:01:49.349+0530,GIV,PARIS,CL
dcc2063a-0fe2-4abe-98b7-f3ad078b124e,FULL_SYNC,PARIS_EOM,2024-03-31T20:30:00.000+0530,2024-04-25T01:02:18.641+0530,GIV,PARIS,CL
03eb68a5-65d5-4bf0-bad5-95c68ed71736,FULL_SYNC,PARIS_EOM,2024-03-31T20:30:00.000+0530,2024-04-25T01:02:48.661+0530,GIV,PARIS,CL
3c73c94f-9d17-4256-8d41-21c4e229b2c6,FULL_SYNC,PARIS_EOM,2024-03-31T20:30:00.000+0530,2024-04-25T01:03:18.713+0530,GIV,PARIS,CL
5e808ceb-345d-4a65-bb17-d64fbbebed8e,FULL_SYNC,PARIS_EOM,2024-03-31T20:30:00.000+0530,2024-04-25T01:03:48.615+0530,GIV,PARIS,CL
69dca5e8-9b87-474a-8768-63b0a1787b9b,FULL_SYNC,PARIS_EOM,2024-03-31T20:30:00.000+0530,2024-04-25T15:43:58.136+0530,GIV,PARIS,CL
9e94075d-2b80-4f58-98de-db5ff50fcc0b,STOCKS_UPDATED,PARIS_EOM,2024-04-27T23:00:30.000+0530,2024-04-26T14:49:45.090+0530,GIV,PARIS,CL
040bd0d6-eb9d-4f35-ae81-8e18498dc403,STOCKS_UPDATED,PARIS_EOM,2024-04-27T23:00:30.000+0530,2024-04-26T14:57:23.214+0530,GIV,PARIS,CL
86bf5707-4694-41cd-aa28-6220358dbbf4,STOCKS_UPDATED,PARIS_EOM,2024-04-27T23:00:30.000+0530,2024-04-26T14:57:30.876+0530,GIV,PARIS,CL
3b8c0135-5d3e-40ca-8bdc-98fa991ec817,STOCKS_UPDATED,PARIS_EOM,2024-04-27T23:00:30.000+0530,2024-04-26T14:59:36.467+0530,GIV,PARIS,CL
d74ef2b9-9059-4b62-87be-4ed4e888f57a,STOCKS_UPDATED,PARIS_EOM,2024-04-27T23:00:30.000+0530,2024-04-26T15:13:57.557+0530,GIV,PARIS,CL
6273948f-39f0-4881-b8b6-d294c06deeb2,FULL_SYNC,PARIS_EOM,2024-03-31T20:30:00.000+0530,2024-04-26T16:27:45.573+0530,GIV,PARIS,CL
5bddcb97-425a-4f97-8d24-ade202d889f1,STOCKS_UPDATED,PARIS_EOM,2024-04-28T02:00:30.000+0530,2024-04-27T16:21:57.182+0530,GIV,PARIS,CL
bd278df2-d0c7-4a35-b4f3-834cb6b33c57,STOCKS_UPDATED,PARIS_EOM,2024-04-28T02:00:30.000+0530,2024-04-27T16:24:46.401+0530,GIV,PARIS,CL
e0122f91-ec0f-4fb4-a385-d7991f9f4fdd,STOCKS_UPDATED,PARIS_EOM,2024-04-28T02:00:30.000+0530,2024-04-27T16:27:16.625+0530,GIV,PARIS,CL
78e4a83e-9a5e-4e92-bd69-3f889d69c7bd,STOCKS_UPDATED,PARIS_EOM,2024-04-15T23:00:30.000+0530,2024-04-27T16:29:09.717+0530,GIV,PARIS,CL
b663dfbf-a13f-40b5-8591-d23390257e04,STOCKS_UPDATED,PARIS_EOM,2024-04-15T23:00:30.000+0530,2024-04-27T16:35:08.143+0530,GIV,PARIS,CL
d82c683f-7029-4f53-b43e-ffc7d595c2b5,STOCKS_UPDATED,PARIS_EOM,2024-04-26T23:00:30.000+0530,2024-04-27T16:37:20.778+0530,GIV,PARIS,CL
858a9c86-59a1-443f-8b97-0dc87a2319a4,STOCKS_UPDATED,PARIS_EOM,2024-04-27T18:30:30.000+0530,2024-04-27T16:46:56.323+0530,GIV,PARIS,CL
8f3909be-11b9-4afd-aba7-9d10d198a59e,STOCKS_UPDATED,PARIS_EOM,2024-04-27T18:30:30.000+0530,2024-04-27T16:51:03.666+0530,GIV,PARIS,CL
2c8da70f-9255-4940-9b5b-632692be7cdc,STOCKS_UPDATED,PARIS_EOM,2024-04-29T23:00:30.000+0530,2024-04-29T11:31:29.304+0530,GIV,PARIS,CL
8d4bf9c4-e93c-4c4e-9c04-c0dd83eb653c,STOCKS_UPDATED,PARIS_EOM,2024-04-29T23:00:30.000+0530,2024-04-29T11:33:30.513+0530,GIV,PARIS,CL
f8f78a1d-10ca-4db8-b644-a59b3283d21c,STOCKS_UPDATED,PARIS_EOM,2024-04-03T18:30:30.000+0530,2024-04-29T11:43:09.356+0530,GIV,PARIS,CL
2d616237-6d66-443f-9715-75f9cfba1ecb,FULL_SYNC,PARIS_EOM,2024-03-31T20:30:00.000+0530,2024-04-29T14:03:07.299+0530,GIV,PARIS,CL
f6a446e1-ddab-41fc-a23b-89fe1caebd03,FULL_SYNC,PARIS_EOM,2024-08-24T19:45:22.000+0530,2024-04-29T16:13:24.191+0530,GIV,PARIS,CL
0aa7dfbe-ca79-4953-8868-386c78dbd590,STOCKS_UPDATED,PARIS_EOM,2024-04-29T18:30:30.000+0530,2024-04-29T16:26:15.519+0530,GIV,PARIS,CL
0a0c0d05-991f-4499-8821-a9cd2cda426d,FULL_SYNC,PARIS_EOM,2024-04-29T22:30:00.000+0530,2024-04-29T17:57:44.610+0530,GIV,PARIS,CL
b55006c9-505d-4196-a386-2336ea8308b2,FULL_SYNC,PARIS_EOM,2024-08-29T19:45:22.000+0530,2024-04-29T19:35:46.063+0530,GIV,PARIS,CL
32eae036-49b0-46e9-a036-95fc1851f43a,STOCKS_UPDATED,PARIS_EOM,2024-04-30T23:00:30.000+0530,2024-04-29T21:26:40.329+0530,GIV,PARIS,CL
21e41e4a-192f-4daa-b1ff-a15fda1e3784,STOCKS_UPDATED,PARIS_EOM,2024-04-30T23:00:30.000+0530,2024-04-29T21:27:26.349+0530,GIV,PARIS,CL
61ee2c81-e514-4728-a947-5435acd58028,STOCKS_UPDATED,PARIS_EOM,2024-04-30T23:00:30.000+0530,2024-04-29T21:38:44.882+0530,GIV,PARIS,CL
0499ea5d-a3f9-44ff-b2e8-d6ee7e48b41a,STOCKS_UPDATED,PARIS_EOM,2024-04-30T23:00:30.000+0530,2024-04-29T21:40:26.258+0530,GIV,PARIS,CL
a1a39c8b-0ead-40ba-96e9-1136322d8021,STOCKS_UPDATED,PARIS_EOM,2024-05-01T00:00:30.000+0530,2024-04-29T21:41:49.927+0530,GIV,PARIS,CL
6cef35e0-ef0a-41e2-a080-2b5d655f01b7,STOCKS_UPDATED,PARIS_EOM,2024-04-30T21:30:30.000+0530,2024-04-29T22:07:39.696+0530,GIV,PARIS,CL
a5150948-a661-4d9c-83b5-ef45b23ecad3,FULL_SYNC,PARIS_EOM,2024-03-31T20:30:00.000+0530,2024-04-30T11:51:01.208+0530,GIV,PARIS,CL
57c4d41c-2f76-4b78-adce-bb258c1850fc,FULL_SYNC,PARIS_EOM,2024-03-31T20:30:00.000+0530,2024-04-30T11:51:57.120+0530,GIV,PARIS,CL
743aef20-b93d-4945-b1dc-74457c3a99cf,FULL_SYNC,PARIS_EOM,2024-04-24T19:45:22.000+0530,2024-04-30T12:08:40.572+0530,GIV,PARIS,CL
f463ec31-6a91-468a-81d7-4940aeabbabe,FULL_SYNC,PARIS_EOM,2024-04-24T19:45:22.000+0530,2024-04-30T12:37:33.626+0530,GIV,PARIS,CL
3221ffa7-4335-4f86-9d79-9fc510dbc2f0,FULL_SYNC,PARIS_EOM,2024-05-18T18:20:01.366+0530,2024-04-30T13:31:06.625+0530,GIV,PARIS,CL
63de1b1f-fa8c-41df-9623-02312d7550e4,FULL_SYNC,PARIS_EOM,2024-04-04T18:20:01.366+0530,2024-04-30T14:00:41.637+0530,GIV,PARIS,CL
33c20a37-489c-442e-9cc1-0c71a3b608f2,FULL_SYNC,PARIS_EOM,2024-03-31T20:30:00.000+0530,2024-04-30T14:25:00.188+0530,GIV,PARIS,CL
63bb7f5e-d724-4801-82a0-428694037113,FULL_SYNC,PARIS_EOM,2024-04-20T14:40:14.046+0530,2024-04-30T14:40:00.398+0530,GIV,PARIS,CL
a3dfd37f-137d-4612-82c0-9314afce1cf9,FULL_SYNC,PARIS_EOM,2024-03-31T20:30:00.000+0530,2024-04-30T14:41:02.416+0530,GIV,PARIS,CL
7c94e8f8-3ad5-4c67-b632-021c4652d555,FULL_SYNC,PARIS_EOM,2024-03-31T20:30:00.000+0530,2024-04-30T14:42:07.035+0530,GIV,PARIS,CL
3044fff0-deea-4e83-9586-5b8937b959f2,STOCKS_UPDATED,PARIS_EOM,2024-04-30T14:30:30.000+0530,2024-04-30T14:50:59.342+0530,GIV,PARIS,CL
8f3ca01a-acd5-4491-98a2-96732c7a1fc3,STOCKS_UPDATED,PARIS_EOM,2024-04-30T14:30:30.000+0530,2024-04-30T14:51:18.933+0530,GIV,PARIS,CL
78b7bd8d-ba5a-4099-b390-08db7f3f0ba7,STOCKS_UPDATED,PARIS_EOM,2024-04-30T14:30:30.000+0530,2024-04-30T14:52:13.978+0530,GIV,PARIS,CL
8571ea9c-00a2-4703-98c9-063e910207a5,FULL_SYNC,PARIS_EOM,2024-04-20T14:40:14.046+0530,2024-04-30T14:59:53.538+0530,GIV,PARIS,CL
22735e39-82b9-415a-bdb9-ee68c2e6702f,STOCKS_UPDATED,PARIS_EOM,2024-04-30T23:00:30.000+0530,2024-04-30T15:22:27.894+0530,GIV,PARIS,CL
93b7d32c-4d6a-4782-bd53-9fe34352b1ae,STOCKS_UPDATED,PARIS_EOM,2024-04-30T23:00:30.000+0530,2024-04-30T15:23:38.044+0530,GIV,PARIS,CL
4e69924e-bc3a-4335-b5bd-e28219894166,FULL_SYNC,PARIS_EOM,2024-03-31T20:30:00.000+0530,2024-04-30T16:44:19.143+0530,GIV,PARIS,CL
e0179ff1-5adc-4c0a-9a2a-a955a269c40e,FULL_SYNC,PARIS_EOM,2024-03-31T20:30:00.000+0530,2024-04-30T17:09:05.976+0530,GIV,PARIS,CL
b0de93ed-3110-4b84-8507-3b887a070375,STOCKS_UPDATED,PARIS_EOM,2024-04-30T23:00:30.000+0530,2024-04-30T17:16:54.816+0530,GIV,PARIS,CL
9d6b1b7b-fe98-4dc4-b3e5-7c20a3045a6b,STOCKS_UPDATED,PARIS_EOM,2024-04-30T23:00:30.000+0530,2024-04-30T17:17:47.920+0530,GIV,PARIS,CL
9d7cb809-4f2c-4b2b-8af4-c72d909b4b9b,STOCKS_UPDATED,PARIS_EOM,2024-04-30T23:00:30.000+0530,2024-04-30T17:18:36.244+0530,GIV,PARIS,CL
7ac58285-c846-424e-b753-c1319e945482,FULL_SYNC,PARIS_EOM,2024-04-24T19:45:22.000+0530,2024-04-30T17:27:30.530+0530,GIV,PARIS,CL
0fe197df-b40e-4433-85cb-5a6d08e5be03,FULL_SYNC,PARIS_EOM,2024-05-01T01:21:16.610+0530,2024-04-30T17:27:49.523+0530,GIV,PARIS,CL
24c015f0-0653-4817-81ba-8bd5e5953452,FULL_SYNC,PARIS_EOM,2024-03-30T23:30:00.000+0530,2024-04-30T17:28:42.673+0530,GIV,PARIS,CL
7ec48f4a-4920-4133-8036-1f2a793727b1,FULL_SYNC,PARIS_EOM,2024-03-30T23:30:00.000+0530,2024-04-30T17:39:25.467+0530,GIV,PARIS,CL
8e7b6226-bd02-42af-94e0-84a13ac4a2e7,FULL_SYNC,PARIS_EOM,2024-04-30T23:30:00.000+0530,2024-04-30T17:42:03.065+0530,GIV,PARIS,CL
710a9d2d-61b9-44eb-9cf1-e8992456b4b5,FULL_SYNC,PARIS_EOM,2024-04-30T23:30:00.000+0530,2024-04-30T17:48:33.689+0530,GIV,PARIS,CL
7f2b397b-537a-4b93-a0d1-5b2841119cc1,FULL_SYNC,PARIS_EOM,2024-04-30T23:30:00.000+0530,2024-04-30T17:51:44.253+0530,GIV,PARIS,CL
00be6486-d9ab-4d71-975e-aba61fe81c81,FULL_SYNC,PARIS_EOM,2024-05-01T01:30:00.000+0530,2024-04-30T17:53:25.371+0530,GIV,PARIS,CL
c5cd8bbf-df71-412d-aa1e-0b0c2d61e2f4,FULL_SYNC,PARIS_EOM,2024-05-31T20:30:00.000+0530,2024-04-30T18:01:38.091+0530,GIV,PARIS,CL
54ee409d-31b3-4250-913e-d45479154d63,FULL_SYNC,PARIS_EOM,2024-03-31T20:30:00.000+0530,2024-04-30T18:01:43.571+0530,GIV,PARIS,CL
39e4ef70-6a21-4394-a87e-786371ca6441,FULL_SYNC,PARIS_EOM,2024-05-31T20:30:00.000+0530,2024-04-30T18:25:59.347+0530,GIV,PARIS,CL
59296a11-69c0-4095-84f8-e1cf1df4b4d8,FULL_SYNC,PARIS_EOM,2024-08-24T19:45:22.000+0530,2024-04-30T18:38:04.617+0530,GIV,PARIS,CL
5734452c-5db0-40be-9154-9ee086a9e8fa,FULL_SYNC,PARIS_EOM,2024-05-24T19:45:22.000+0530,2024-04-30T18:39:24.076+0530,GIV,PARIS,CL
dd74f478-41f8-4a0d-96d1-ba896ef83e42,FULL_SYNC,PARIS_EOM,2024-05-24T19:45:22.000+0530,2024-04-30T18:50:07.476+0530,GIV,PARIS,CL
a6d6e329-1f2a-4ff4-9065-ccf21c8a1171,FULL_SYNC,PARIS_EOM,2024-05-31T20:30:00.000+0530,2024-04-30T19:21:58.487+0530,GIV,PARIS,CL
8d952d2b-9bfb-45cc-aa0b-fa7532175128,FULL_SYNC,PARIS_EOM,2024-03-31T20:30:00.000+0530,2024-04-30T20:40:43.940+0530,GIV,PARIS,CL
c54c85eb-e685-4c2d-9fb3-69d79376289b,FULL_SYNC,PARIS_EOM,2024-03-01T20:30:00.000+0530,2024-05-02T10:49:31.203+0530,GIV,PARIS,CL
c39a13f8-6b26-4795-8446-920259fb4d0f,FULL_SYNC,PARIS_EOM,2024-03-01T20:30:00.000+0530,2024-05-02T11:02:18.598+0530,GIV,PARIS,CL
0b6dc446-3380-49b1-9bcb-549c5c5302ed,FULL_SYNC,PARIS_EOM,2024-03-01T20:30:00.000+0530,2024-05-02T11:05:18.954+0530,GIV,PARIS,CL
6208d2cc-9a6b-4568-9ee3-d9042c9543ae,FULL_SYNC,PARIS_EOM,2024-03-01T20:30:00.000+0530,2024-05-02T11:16:46.094+0530,GIV,PARIS,CL
dcd558c3-8995-4ec1-866f-543b29e46055,FULL_SYNC,PARIS_EOM,2024-03-01T20:30:00.000+0530,2024-05-02T11:21:40.248+0530,GIV,PARIS,CL
171a31f6-25c4-43e7-abc1-f05a65d05019,FULL_SYNC,PARIS_EOM,2024-05-02T12:00:30.000+0530,2024-05-02T11:51:21.995+0530,GIV,PARIS,CL
91c74474-b31c-4953-a06a-55e7fb9ad226,FULL_SYNC,PARIS_EOM,2024-05-02T14:00:30.000+0530,2024-05-02T12:01:20.430+0530,GIV,PARIS,CL
ff178724-69b2-40c0-b9b9-6e953e8abfdb,FULL_SYNC,PARIS_EOM,2024-05-02T14:00:30.000+0530,2024-05-02T12:59:54.678+0530,GIV,PARIS,CL
0c9e0af7-836e-4641-ad23-83cf5f54b8ea,FULL_SYNC,PARIS_EOM,2024-05-02T14:00:30.000+0530,2024-05-02T13:03:22.158+0530,GIV,PARIS,CL
7f1e3675-bd5d-4167-aa93-56b468ef442e,FULL_SYNC,PARIS_EOM,2024-05-02T14:00:30.000+0530,2024-05-02T13:08:50.774+0530,GIV,PARIS,CL
fdb60ac9-4824-401d-a17e-4341cf986342,FULL_SYNC,PARIS_EOM,2024-05-02T22:30:30.000+0530,2024-05-02T13:17:54.811+0530,GIV,PARIS,CL
0ce3dfa7-3aad-4980-bfd7-ffda066d2723,FULL_SYNC,PARIS_EOM,2024-03-02T20:30:00.000+0530,2024-05-02T13:50:32.617+0530,GIV,PARIS,CL
3dffc62c-a32b-40a7-850b-865f2195f148,FULL_SYNC,PARIS_EOM,2024-03-31T20:30:00.000+0530,2024-05-02T14:51:36.453+0530,GIV,PARIS,CL
de3fd52e-ba70-4348-8dee-d31ea4e8c896,FULL_SYNC,PARIS_EOM,2024-03-02T12:00:00.000+0530,2024-05-02T14:57:50.799+0530,GIV,PARIS,CL
50568614-b336-4e57-ac6f-96c778bccd95,FULL_SYNC,PARIS_EOM,2024-03-02T12:00:00.000+0530,2024-05-02T15:14:55.347+0530,GIV,PARIS,CL
7f2f7d4d-e872-43ba-a1ff-bd7c1f5b8def,FULL_SYNC,PARIS_EOM,2024-03-02T20:30:00.000+0530,2024-05-02T15:20:11.860+0530,GIV,PARIS,CL
566335af-3daf-4f74-a964-5fd7e2651949,FULL_SYNC,PARIS_EOM,2024-03-31T20:30:00.000+0530,2024-05-02T15:46:02.165+0530,GIV,PARIS,CL
a09cf08c-5403-4d66-b58e-6f6f40ecefb3,FULL_SYNC,PARIS_EOM,2024-03-31T20:30:00.000+0530,2024-05-02T15:54:55.214+0530,GIV,PARIS,CL
490be0a2-f7ec-4bf7-be81-67e712c82ccd,FULL_SYNC,PARIS_EOM,2024-03-31T20:30:00.000+0530,2024-05-02T16:00:56.849+0530,GIV,PARIS,CL
a05b7423-85bf-4fdb-bfc7-9baa464c6439,FULL_SYNC,PARIS_EOM,2024-03-31T20:30:00.000+0530,2024-05-02T16:04:38.323+0530,GIV,PARIS,CL
427ea8ab-a941-4cd4-8425-3807cd3c4337,FULL_SYNC,PARIS_EOM,2024-03-31T20:30:00.000+0530,2024-05-02T16:06:03.273+0530,GIV,PARIS,CL
a7942a06-ba25-4494-865d-7d1c7959f40f,STOCKS_UPDATED,PARIS_EOM,2024-05-01T23:00:30.000+0530,2024-05-02T16:55:58.958+0530,GIV,PARIS,CL
40cf8766-3ff3-475e-b76b-cb5030f2dbd8,STOCKS_UPDATED,PARIS_EOM,2024-05-02T23:00:30.000+0530,2024-05-02T16:58:59.647+0530,GIV,PARIS,CL
c8d2eb4e-243a-48f0-bd59-997fbc4d1223,FULL_SYNC,PARIS_EOM,2024-03-31T20:30:00.000+0530,2024-05-02T17:15:22.343+0530,GIV,PARIS,CL
57f1d2cd-4be2-416c-afb6-8061e12f7c27,FULL_SYNC,PARIS_EOM,2024-03-31T20:30:00.000+0530,2024-05-02T17:40:52.067+0530,GIV,PARIS,CL
98294d5c-de1c-437d-b982-76e1aef0c5cd,FULL_SYNC,PARIS_EOM,2024-03-31T20:30:00.000+0530,2024-05-02T17:51:33.128+0530,GIV,PARIS,CL
74006d54-0371-4f72-8f89-9330b4388bb4,FULL_SYNC,PARIS_EOM,2024-03-31T20:30:00.000+0530,2024-05-02T18:09:23.884+0530,GIV,PARIS,CL
51f15c7c-ac94-4a5d-9cf0-530db2d48413,FULL_SYNC,PARIS_EOM,2024-03-31T20:30:00.000+0530,2024-05-02T19:20:39.277+0530,GIV,PARIS,CL
6da6ada9-08f4-4f66-a471-5979bb87ba96,STOCKS_UPDATED,PARIS_EOM,2024-05-02T16:00:30.000+0530,2024-05-02T19:50:35.718+0530,GIV,PARIS,CL
2b48adec-dd40-4b59-8f93-8ce00f16fd69,FULL_SYNC,PARIS_EOM,2024-05-31T20:30:00.000+0530,2024-05-02T19:57:21.994+0530,GIV,PARIS,CL
af27e3e2-c40b-4347-8b19-f24c317a101c,FULL_SYNC,PARIS_EOM,2024-05-31T20:30:00.000+0530,2024-05-02T20:04:36.074+0530,GIV,PARIS,CL
8d93a2b1-9ddc-4e39-b902-c500515b63a9,FULL_SYNC,PARIS_EOM,2024-05-31T20:30:00.000+0530,2024-05-02T20:12:04.053+0530,GIV,PARIS,CL
8142d306-4b83-4c6d-9b4c-d8f4ec2e09a4,FULL_SYNC,PARIS_EOM,2024-05-03T07:00:00.000+0530,2024-05-02T20:18:20.921+0530,GIV,PARIS,CL
63dc2816-9856-45ec-af89-36013d363754,FULL_SYNC,PARIS_EOM,2024-05-02T20:00:00.000+0530,2024-05-02T20:21:12.296+0530,GIV,PARIS,CL
e54c380e-8d0f-45a6-91fd-a6cd2308d868,FULL_SYNC,PARIS_EOM,2024-03-31T20:30:00.000+0530,2024-05-02T20:44:24.221+0530,GIV,PARIS,CL
637c259c-e1d5-47a9-9460-3d6a1d4d03bc,FULL_SYNC,PARIS_EOM,2024-05-02T20:30:00.000+0530,2024-05-03T12:25:28.049+0530,GIV,PARIS,CL
b43d3f42-4d91-4c96-82ed-e920e4252d2c,FULL_SYNC,PARIS_EOM,2024-04-30T20:30:00.000+0530,2024-05-03T12:51:07.410+0530,GIV,PARIS,CL
51ab4a3f-e44e-40bc-b8fe-f7a634632644,STOCKS_UPDATED,PARIS_EOM,2024-05-02T23:00:30.000+0530,2024-05-03T12:55:41.669+0530,GIV,PARIS,CL
6bd26440-1885-4929-a118-e2a2c451a203,FULL_SYNC,PARIS_EOM,2024-05-03T20:30:00.000+0530,2024-05-03T12:58:25.713+0530,GIV,PARIS,CL
f88ae0c5-465a-4542-8500-6fbae047d128,STOCKS_UPDATED,PARIS_EOM,2024-05-02T23:00:30.000+0530,2024-05-03T13:10:57.099+0530,GIV,PARIS,CL
68b3f8bc-75c1-42b3-88a4-aaa602c07ae9,STOCKS_UPDATED,PARIS_EOM,2024-05-03T08:00:30.000+0530,2024-05-03T13:14:15.095+0530,GIV,PARIS,CL
23d3c30f-b080-41dc-887d-4a5a2569a94f,FULL_SYNC,PARIS_EOM,2024-05-03T20:30:00.000+0530,2024-05-03T13:16:52.860+0530,GIV,PARIS,CL
cccd9eb2-694b-4cbe-ab07-63402e08b889,FULL_SYNC,PARIS_EOM,2024-05-02T20:30:00.000+0530,2024-05-03T13:20:21.179+0530,GIV,PARIS,CL
e7d49293-e6da-427e-8911-859a55c0d503,FULL_SYNC,PARIS_EOM,2024-05-02T20:30:00.000+0530,2024-05-03T13:22:23.043+0530,GIV,PARIS,CL
51ed5111-6d2e-47a8-a7f8-86eb089c9c96,FULL_SYNC,PARIS_EOM,2024-05-02T20:30:00.000+0530,2024-05-03T15:12:31.404+0530,GIV,PARIS,CL
041879bc-7dad-44b4-a7c8-2f6823839412,FULL_SYNC,PARIS_EOM,2024-03-31T20:30:00.000+0530,2024-05-06T12:32:05.899+0530,GIV,PARIS,CL
a979a755-a7ef-4ff8-9ed6-35249b8fd750,FULL_SYNC,PARIS_EOM,2024-03-31T20:30:00.000+0530,2024-05-06T12:57:26.343+0530,GIV,PARIS,CL
9da2edeb-63e5-4a2e-aab7-13c09c9d3ef7,FULL_SYNC,PARIS_EOM,2024-03-31T20:30:00.000+0530,2024-05-06T13:23:49.526+0530,GIV,PARIS,CL
ec9ccbf6-8f07-462f-86e1-a8800f124cb2,FULL_SYNC,PARIS_EOM,2024-03-31T20:30:00.000+0530,2024-05-06T13:46:40.537+0530,GIV,PARIS,CL
2ebddfc2-537f-49bc-bb6c-d439a222f24a,FULL_SYNC,PARIS_EOM,2024-03-31T20:30:00.000+0530,2024-05-06T13:47:02.475+0530,GIV,PARIS,CL
ec138e9f-7a2a-4114-87bb-a46055066c5b,FULL_SYNC,PARIS_EOM,2024-03-31T20:30:00.000+0530,2024-05-06T13:47:32.553+0530,GIV,PARIS,CL
25dafa1d-74ee-4c19-ae4d-1ce27119c8ba,FULL_SYNC,PARIS_EOM,2024-03-31T20:30:00.000+0530,2024-05-06T13:48:02.496+0530,GIV,PARIS,CL
9aae5572-58a1-4a1c-af76-91da94db9e6e,FULL_SYNC,PARIS_EOM,2024-03-31T20:30:00.000+0530,2024-05-06T13:48:32.516+0530,GIV,PARIS,CL
f6763667-ea96-46af-98e3-90cf42fdd759,FULL_SYNC,PARIS_EOM,2023-10-15T19:00:30.000+0530,2024-05-06T15:25:47.533+0530,GIV,PARIS,CL
84f95086-7678-4631-9d23-bddc2bba1be8,FULL_SYNC,PARIS_EOM,2024-03-31T20:30:00.000+0530,2024-05-06T16:05:01.749+0530,GIV,PARIS,CL
0f31d432-11d3-4bdd-91ba-150c9207d830,FULL_SYNC,PARIS_EOM,2024-01-31T20:30:00.000+0530,2024-05-06T16:20:15.281+0530,GIV,PARIS,CL
a8e98786-372a-46c9-80a1-d807fd862c4f,FULL_SYNC,PARIS_EOM,2024-01-31T20:30:00.000+0530,2024-05-07T11:26:25.354+0530,GIV,PARIS,CL
1364da71-e7df-46df-94ad-e48876d088be,FULL_SYNC,PARIS_EOM,2024-01-31T20:30:00.000+0530,2024-05-07T11:30:51.082+0530,GIV,PARIS,CL
72d5ad68-6c0a-4a23-9b9e-6a52a3211018,FULL_SYNC,PARIS_EOM,2024-01-31T20:30:00.000+0530,2024-05-07T11:35:59.191+0530,GIV,PARIS,CL
80b552ad-bb14-4e2b-bfec-4b0bc793d873,FULL_SYNC,PARIS_EOM,2024-01-31T20:30:00.000+0530,2024-05-07T11:37:15.682+0530,GIV,PARIS,CL
b818b3f3-858a-43d4-9511-c6a4620a2282,FULL_SYNC,PARIS_EOM,2024-05-07T14:30:00.000+0530,2024-05-07T13:51:03.240+0530,GIV,PARIS,CL
800b8c4e-5dc5-4a1f-88a8-dd92e45fa6d6,FULL_SYNC,PARIS_EOM,2023-10-15T19:00:30.000+0530,2024-05-07T17:32:23.455+0530,GIV,PARIS,CL
0439963e-999e-45e2-839a-a43c5dedf03d,FULL_SYNC,PARIS_EOM,2023-10-15T19:00:30.000+0530,2024-05-07T17:33:45.548+0530,GIV,PARIS,CL
65bae01c-f843-4687-98ed-20941fca1e8c,FULL_SYNC,PARIS_EOM,2023-10-15T19:00:30.000+0530,2024-05-07T17:34:06.438+0530,GIV,PARIS,CL
b3a496ea-dc7c-434e-bfa4-c7bd16002fd4,FULL_SYNC,PARIS_EOM,2023-10-15T19:00:30.000+0530,2024-05-07T17:34:09.047+0530,GIV,PARIS,CL
68e00f36-14cf-4f05-bbc1-4ca0fe923057,FULL_SYNC,PARIS_EOM,2023-10-15T19:00:30.000+0530,2024-05-07T17:34:10.487+0530,GIV,PARIS,CL
dc814b53-840f-4c84-9792-0093f1468457,FULL_SYNC,PARIS_EOM,2024-05-06T03:49:00.000+0530,2024-05-08T11:57:02.037+0530,GIV,PARIS,CL
a6561ce2-7806-4f8c-8139-3a4112126f7d,FULL_SYNC,PARIS_EOM,2024-03-31T20:30:00.000+0530,2024-05-08T13:25:35.402+0530,GIV,PARIS,CL
3d83b213-e13f-4383-b885-c63a25aca61a,FULL_SYNC,PARIS_EOM,2024-01-31T20:30:00.000+0530,2024-05-08T13:34:48.675+0530,GIV,PARIS,CL
97ce11bc-c842-47f5-b34d-a944a48e69dc,FULL_SYNC,PARIS_EOM,2024-01-31T20:30:00.000+0530,2024-05-08T15:09:40.077+0530,GIV,PARIS,CL
79d7b5ad-ae25-4172-9d58-2861c9a48c0c,FULL_SYNC,PARIS_EOM,2024-03-31T20:30:00.000+0530,2024-05-08T15:11:32.532+0530,GIV,PARIS,CL
02caac92-9cc2-4eed-82c7-742f753d7d82,FULL_SYNC,PARIS_EOM,2024-01-31T20:30:00.000+0530,2024-05-08T15:14:00.132+0530,GIV,PARIS,CL
dbc7e687-5695-4d59-a67a-e9fd6c3a9400,FULL_SYNC,PARIS_EOM,2024-01-31T20:30:00.000+0530,2024-05-08T15:17:49.714+0530,GIV,PARIS,CL
ec345708-5000-456f-b1db-16ffe1f67152,FULL_SYNC,PARIS_EOM,2024-01-31T20:30:00.000+0530,2024-05-08T15:18:19.694+0530,GIV,PARIS,CL
40dc3bf3-8093-4b34-9a9a-ea942959c938,FULL_SYNC,PARIS_EOM,2024-01-31T20:30:00.000+0530,2024-05-08T15:18:49.692+0530,GIV,PARIS,CL
1691abce-fb4d-449d-bdbb-fbae71a1c94e,FULL_SYNC,PARIS_EOM,2024-01-31T20:30:00.000+0530,2024-05-08T15:19:19.692+0530,GIV,PARIS,CL
b42e83a3-94d3-4ed6-a966-596103182e82,FULL_SYNC,PARIS_EOM,2024-01-31T20:30:00.000+0530,2024-05-08T15:19:49.693+0530,GIV,PARIS,CL
aa513003-dfb8-4f71-b717-2e55854a2e2d,FULL_SYNC,PARIS_EOM,2024-01-31T20:30:00.000+0530,2024-05-08T15:37:26.102+0530,GIV,PARIS,CL
345ef6c6-8d10-4701-a809-3a17362df0d0,STOCKS_UPDATED,PARIS_EOM,2024-05-08T03:30:00.000+0530,2024-05-08T16:04:12.171+0530,GIV,PARIS,CL
6caee03b-70af-4355-aa47-491905d666de,FULL_SYNC,PARIS_EOM,2024-05-08T03:31:00.000+0530,2024-05-08T16:13:54.372+0530,GIV,PARIS,CL
b635d2ff-b7a6-44f8-aea0-b386b5654580,STOCKS_UPDATED,PARIS_EOM,2024-05-08T03:30:00.000+0530,2024-05-08T16:19:37.493+0530,GIV,PARIS,CL
de422238-43e0-4523-a79a-e34d435d736a,FULL_SYNC,PARIS_EOM,2024-05-08T03:31:00.000+0530,2024-05-08T16:24:22.843+0530,GIV,PARIS,CL
021363af-dbd8-49c5-b640-76efe5cf5734,FULL_SYNC,PARIS_EOM,2024-01-31T20:30:00.000+0530,2024-05-10T08:24:43.552+0530,GIV,PARIS,CL
6426ec27-4b06-4907-a2d1-34dc0c3d47d0,FULL_SYNC,PARIS_EOM,2024-01-31T20:30:00.000+0530,2024-05-10T08:26:36.418+0530,GIV,PARIS,CL
c5e5e3d2-43b8-4bfd-b0d1-f93480524337,FULL_SYNC,PARIS_EOM,2024-01-31T20:30:00.000+0530,2024-05-10T10:05:00.300+0530,GIV,PARIS,CL
a0c3ed2a-3070-4246-bf19-504c262eaba1,FULL_SYNC,PARIS_EOM,2024-01-31T20:30:00.000+0530,2024-05-10T10:16:32.910+0530,GIV,PARIS,CL
28ee016b-5e69-424c-bf18-deaddc17dc66,FULL_SYNC,PARIS_EOM,2024-01-31T20:30:00.000+0530,2024-05-10T10:24:04.316+0530,GIV,PARIS,CL
5521850a-f6ce-4e8f-a5c4-6d0a46e054cb,FULL_SYNC,PARIS_EOM,2024-05-04T04:30:00.000+0530,2024-05-13T12:50:35.954+0530,GIV,PARIS,CL
39740f66-25fb-4d49-8cb5-28544c5c5dd9,FULL_SYNC,PARIS_EOM,2024-05-13T12:00:00.000+0530,2024-05-13T13:48:51.514+0530,GIV,PARIS,CL
608605a6-24c8-4929-9676-271945795d7c,FULL_SYNC,PARIS_EOM,2024-05-13T12:00:00.000+0530,2024-05-13T13:49:50.876+0530,GIV,PARIS,CL
3741cd5c-e298-40c7-8fed-03598366de85,FULL_SYNC,PARIS_EOM,2024-05-04T04:30:00.000+0530,2024-05-13T23:10:36.589+0530,GIV,PARIS,CL
96e5a772-d8c4-46e5-9431-6455a244a44c,FULL_SYNC,PARIS_EOM,2024-05-14T12:00:00.000+0530,2024-05-14T11:16:09.786+0530,GIV,PARIS,CL
6794272f-4f27-4a0c-8995-3e351df2ce2e,FULL_SYNC,PARIS_EOM,2024-05-14T12:00:00.000+0530,2024-05-14T11:18:53.575+0530,GIV,PARIS,CL
1d3ee2f7-6093-4f29-b2bb-d1f30b9da0b1,FULL_SYNC,PARIS_EOM,2024-05-14T12:00:00.000+0530,2024-05-14T11:20:31.106+0530,GIV,PARIS,CL
24aba370-5f24-4b01-b8ef-4c1e680bae77,FULL_SYNC,PARIS_EOM,2024-05-14T10:00:00.000+0530,2024-05-14T11:22:22.181+0530,GIV,PARIS,CL
fbfd99d8-72fd-41df-a8c0-290912ac43cf,FULL_SYNC,PARIS_EOM,2024-05-13T12:00:00.000+0530,2024-05-14T11:24:57.748+0530,GIV,PARIS,CL
72517f06-cc09-416f-81cb-3fa998f7811c,STOCKS_UPDATED,PARIS_EOM,2024-05-14T18:30:30.000+0530,2024-05-14T15:03:03.885+0530,GIV,PARIS,CL
fc26b00f-751b-47bd-9034-be5f7f7eab61,FULL_SYNC,PARIS_EOM,2024-05-14T18:30:30.000+0530,2024-05-14T15:06:31.545+0530,GIV,PARIS,CL
d8d2e242-c358-4c2f-b297-9c1a6c0fc0f7,STOCKS_UPDATED,PARIS_EOM,2024-05-14T18:30:30.000+0530,2024-05-14T15:11:51.203+0530,GIV,PARIS,CL
09b315fa-07d1-4b25-9a1d-fea82402c2fe,FULL_SYNC,PARIS_EOM,2024-05-14T18:30:30.000+0530,2024-05-14T15:13:52.552+0530,GIV,PARIS,CL
309870c6-4111-417e-a677-63c134f543c9,FULL_SYNC,PARIS_EOM,2024-05-08T12:00:00.000+0530,2024-05-14T15:32:13.718+0530,GIV,PARIS,CL
f418ebe2-c111-4fcb-a994-cb2aece73b09,STOCKS_UPDATED,PARIS_EOM,2024-05-08T12:00:00.000+0530,2024-05-14T15:35:06.659+0530,GIV,PARIS,CL
b8543eeb-c363-4b71-ac9e-60a319e40094,FULL_SYNC,PARIS_EOM,2024-05-08T12:00:00.000+0530,2024-05-14T15:37:09.210+0530,GIV,PARIS,CL
7829a30a-d737-4bfc-8304-2affa5bb565f,STOCKS_UPDATED,PARIS_EOM,2024-05-08T12:00:00.000+0530,2024-05-14T15:45:29.633+0530,GIV,PARIS,CL
e60e63ae-cf69-4a33-a99c-10d88ea20257,FULL_SYNC,PARIS_EOM,2024-05-08T12:00:00.000+0530,2024-05-14T15:47:05.776+0530,GIV,PARIS,CL
87998d14-75ac-4ce5-83ab-a43559bafd12,FULL_SYNC,PARIS_EOM,2024-05-14T13:00:00.000+0530,2024-05-14T15:55:43.356+0530,GIV,PARIS,CL
b5ef2f02-7145-45c5-9f6a-d1f318970054,FULL_SYNC,PARIS_EOM,2024-05-14T13:00:00.000+0530,2024-05-14T16:05:54.369+0530,GIV,PARIS,CL
7354b392-3ee4-4f5c-9aa7-8db82c1556f4,FULL_SYNC,PARIS_EOM,2024-05-14T11:00:00.000+0530,2024-05-14T17:56:44.543+0530,GIV,PARIS,CL
e23954cf-4f5d-4055-8f28-625aee63b72e,FULL_SYNC,PARIS_EOM,2024-05-14T11:00:00.000+0530,2024-05-14T18:21:00.721+0530,GIV,PARIS,CL
43d4daa5-704b-4d38-9670-d93b204b82a0,FULL_SYNC,PARIS_EOM,2024-05-14T11:00:00.000+0530,2024-05-14T18:21:41.682+0530,GIV,PARIS,CL
e9dd98bc-b40e-48a4-ab37-405375afd0e0,FULL_SYNC,PARIS_EOM,2024-05-14T11:00:00.000+0530,2024-05-14T18:22:10.941+0530,GIV,PARIS,CL
6dabe128-108b-407b-9800-8fd7aa3b2469,FULL_SYNC,PARIS_EOM,2024-05-14T11:00:00.000+0530,2024-05-14T18:22:41.136+0530,GIV,PARIS,CL
ad2ed9d0-e0a4-439c-ad6b-591e511953fa,FULL_SYNC,PARIS_EOM,2024-05-14T11:00:00.000+0530,2024-05-14T18:23:11.067+0530,GIV,PARIS,CL
710f283d-8f7c-4f5b-aa4c-923115db8107,STOCKS_UPDATED,PARIS_EOM,2024-05-04T04:30:00.000+0530,2024-05-14T19:16:51.367+0530,GIV,PARIS,CL
6095952d-726f-4879-83f7-7f3fb3d907f0,STOCKS_UPDATED,PARIS_EOM,2024-05-05T04:30:00.000+0530,2024-05-14T19:22:36.660+0530,GIV,PARIS,CL
95b03c73-b9f1-43a4-b92e-eeb130b28dab,FULL_SYNC,PARIS_EOM,2024-05-10T04:45:00.000+0530,2024-05-14T19:47:02.359+0530,GIV,PARIS,CL
786e534e-3fa7-44e6-8c28-e2312a777feb,FULL_SYNC,PARIS_EOM,2024-05-10T04:45:00.000+0530,2024-05-14T19:48:27.106+0530,GIV,PARIS,CL
059b2437-5a89-4cfe-b065-ff4eecbc7894,FULL_SYNC,PARIS_EOM,2024-05-04T05:30:00.000+0530,2024-05-14T19:57:12.273+0530,GIV,PARIS,CL
dba096fc-6502-4f0e-b7f1-dd6b611f5096,FULL_SYNC,PARIS_EOM,2024-05-14T11:00:00.000+0530,2024-05-14T21:13:50.200+0530,GIV,ï»¿PARIS,CL
641c2119-1829-4f00-9520-95edde30b7de,FULL_SYNC,PARIS_EOM,2023-10-15T19:00:30.000+0530,2024-05-14T21:45:30.744+0530,GIV,PARIS,CL
1e7af55a-ba99-4089-8627-aaabbffaba4f,FULL_SYNC,PARIS_EOM,2023-10-15T19:00:30.000+0530,2024-05-14T21:50:31.371+0530,GIV,PARIS,CL
9de91132-181f-481e-81dc-1dba5447018e,FULL_SYNC,PARIS_EOM,2024-02-15T19:00:30.000+0530,2024-05-14T22:08:23.619+0530,GIV,PARIS,CL
a937f87e-b635-47d0-b339-8cc3350420bf,FULL_SYNC,PARIS_EOM,2024-05-10T04:45:00.000+0530,2024-05-15T15:16:28.377+0530,GIV,PARIS,CL
5b5f0c63-fbb3-4e20-897b-416ba6c25b63,STOCKS_UPDATED,PARIS_EOM,2024-05-05T04:30:00.000+0530,2024-05-15T16:39:37.638+0530,GIV,PARIS,CL
591d867f-212c-4aa9-980d-72c873b3f897,STOCKS_UPDATED,PARIS_EOM,2024-05-12T04:30:00.000+0530,2024-05-15T16:45:39.712+0530,GIV,PARIS,CL
62cd9e65-4a2f-426b-9338-6001bea3a5ce,STOCKS_UPDATED,PARIS_EOM,2024-05-12T04:30:00.000+0530,2024-05-15T16:48:56.324+0530,GIV,PARIS,CL
4762e00d-9069-4d8a-981c-38bf134b4c16,FULL_SYNC,PARIS_EOM,2024-05-13T04:45:00.000+0530,2024-05-15T17:14:42.067+0530,GIV,PARIS,CL
36bd052b-39dd-498d-9a8e-b016c7379100,FULL_SYNC,PARIS_EOM,2024-05-15T11:00:00.000+0530,2024-05-15T18:50:10.414+0530,GIV,PARIS,CL
0b1ee141-5549-454a-ba7e-0c231270f34f,STOCKS_UPDATED,PARIS_EOM,2024-05-12T04:30:00.000+0530,2024-05-15T19:19:00.554+0530,GIV,PARIS,CL
78302af5-f0a6-492e-a8bb-35fb9de6fd66,STOCKS_UPDATED,PARIS_EOM,2024-05-12T04:30:00.000+0530,2024-05-15T19:19:52.861+0530,GIV,PARIS,CL
535737e6-aa8f-42e7-a082-4c648ca251cd,STOCKS_UPDATED,PARIS_EOM,2024-05-14T04:30:00.000+0530,2024-05-15T19:20:43.417+0530,GIV,PARIS,CL
a4732a0f-d116-4204-ba6d-d8b7fb48c378,STOCKS_UPDATED,PARIS_EOM,2024-05-14T04:30:00.000+0530,2024-05-15T19:21:41.386+0530,GIV,PARIS,CL
0d354ccf-53fc-48ef-a3ff-197cfd4a928f,STOCKS_UPDATED,PARIS_EOM,2024-05-14T04:30:00.000+0530,2024-05-15T19:22:41.972+0530,GIV,PARIS,CL
e9ee114b-7829-4e55-b140-0a6263c30ad7,FULL_SYNC,PARIS_EOM,2024-05-13T04:45:00.000+0530,2024-05-15T19:27:49.405+0530,GIV,PARIS,CL
c2a74c23-6838-4cc1-bfe7-d7b8c608d850,FULL_SYNC,PARIS_EOM,2024-05-17T11:00:00.000+0530,2024-05-17T12:30:02.083+0530,GIV,PARIS,CL
879e8157-ebac-4793-91de-fd84b60a08a0,STOCKS_UPDATED,PARIS_EOM,2024-05-12T04:30:00.000+0530,2024-05-17T14:42:50.602+0530,GIV,PARIS,CL
34517447-9c85-4905-aafd-56f4f35e0f07,FULL_SYNC,PARIS_EOM,2024-05-13T12:00:00.000+0530,2024-05-20T13:26:42.203+0530,GIV,PARIS,CL
b0969532-0330-4847-b047-13ebf8a21c24,FULL_SYNC,PARIS_EOM,2024-02-20T19:00:30.000+0530,2024-05-21T13:14:26.930+0530,GIV,PARIS,CL
b342f576-8ace-40e5-b3d0-b75f27394903,STOCKS_UPDATED,PARIS_EOM,2024-05-23T04:30:00.000+0530,2024-05-23T13:16:33.789+0530,GIV,PARIS,CL
c2d0535d-5f5a-48a0-b135-4df3cb40e363,STOCKS_UPDATED,PARIS_EOM,2024-05-23T04:35:00.000+0530,2024-05-23T13:19:14.801+0530,GIV,PARIS,CL
fe9be71e-1792-463d-af8b-52ac38d5cd99,STOCKS_UPDATED,PARIS_EOM,2024-04-27T23:00:30.000+0530,2024-05-24T14:21:51.578+0530,GIV,PARIS,CL
a67f81b2-ec82-4b3a-8018-2efc77d820af,FULL_SYNC,GIV,2006-12-22T21:24:44.519+0530,2024-05-24T14:28:05.694+0530,GIV,PARIS,CL
d86a43d8-cfb0-44f5-8435-c40ca6b1ddf0,FULL_SYNC,GIV,2006-12-22T21:24:44.519+0530,2024-05-24T14:28:37.574+0530,GIV,PARIS,CL
f8f3f165-1a81-49be-8d01-2f65cca66152,FULL_SYNC,PARIS_EOM,2024-02-20T19:00:30.000+0530,2024-05-24T15:54:46.487+0530,GIV,PARIS,CL
3170a1f7-fdf2-4f46-87c0-018545f6fbfd,FULL_SYNC,PARIS_EOM,2024-02-20T19:00:30.000+0530,2024-05-24T15:59:13.841+0530,GIV,PARIS,CL
cdc394f3-8f6a-449c-b1eb-ab2bad2eb033,FULL_SYNC,PARIS_EOM,2024-02-20T19:00:30.000+0530,2024-05-24T17:36:56.371+0530,GIV,PARIS,CL
ef6dbfdf-a175-41c0-bac1-f194b204597b,FULL_SYNC,GIV,2006-12-22T21:24:44.519+0530,2024-05-27T10:47:25.209+0530,GIV,PARIS,CL
7004276f-f509-49e0-8b77-9a09ef19691e,FULL_SYNC,,2024-04-20T14:40:14.046+0530,2024-05-27T10:56:14.708+0530,GIV,,
7cb3b118-8541-467b-9509-4d11f3782964,FULL_SYNC,,2024-04-20T14:40:14.046+0530,2024-05-27T10:56:50.591+0530,GIV,,
f45bc5a0-8d68-4be9-b447-936db3a6ab07,FULL_SYNC,,2024-04-20T14:40:14.046+0530,2024-05-27T10:58:19.082+0530,GIV,,
8169abb5-e7d6-4fda-a012-f419cca057e0,FULL_SYNC,PARIS_EOM,2024-05-27T08:30:00.000+0530,2024-05-27T11:27:14.585+0530,GIV,PARIS,CL
9b370861-2413-40ea-b432-7964642fee8c,FULL_SYNC,PARIS_EOM,2024-05-27T08:30:00.000+0530,2024-05-27T11:27:44.001+0530,GIV,PARIS,CL
67b5c03c-87a3-4e6a-9a40-77f77a41e06b,FULL_SYNC,PARIS_EOM,2024-05-27T08:30:00.000+0530,2024-05-27T11:28:12.028+0530,GIV,PARIS,CL
c5236ff7-6ca4-48ef-b57e-25a65b5f6186,FULL_SYNC,PARIS_EOM,2024-05-27T08:30:00.000+0530,2024-05-27T11:28:43.965+0530,GIV,PARIS,CL
841f6db9-ff5a-4147-ad5f-a959513c1bf1,FULL_SYNC,PARIS_EOM,2024-05-27T08:30:00.000+0530,2024-05-27T11:29:14.373+0530,GIV,PARIS,CL
ea7be122-6977-48a1-ace5-14290528f941,FULL_SYNC,PARIS_EOM,2024-05-27T08:30:00.000+0530,2024-05-27T11:32:30.283+0530,GIV,PARIS,CL
593a28bf-f724-450c-94d7-5b3aeb1ec98a,STOCKS_UPDATED,PARIS_EOM,2024-05-27T11:00:30.000+0530,2024-05-27T11:43:24.890+0530,GIV,PARIS,CL
8aea799a-c180-4fc4-8852-8443d6b5897e,FULL_SYNC,PARIS_EOM,2024-05-27T18:30:00.000+0530,2024-05-27T11:54:07.489+0530,GIV,PARIS,CL
c07de841-5ea5-491e-8e98-1358afde6d38,STOCKS_UPDATED,PARIS_EOM,2024-05-26T23:00:30.000+0530,2024-05-27T14:37:22.392+0530,GIV,PARIS,CL
126b0fd5-3a9d-4af7-925a-f75605646733,STOCKS_UPDATED,PARIS_EOM,2024-05-26T23:00:30.000+0530,2024-05-27T14:41:06.903+0530,GIV,PARIS,CL
f5fb6794-b187-42c3-8c28-8f1bca34536b,STOCKS_UPDATED,PARIS_EOM,2024-05-26T23:00:30.000+0530,2024-05-27T14:44:24.660+0530,GIV,PARIS,CL
5156e365-3836-4b7a-9395-d0d004f78520,STOCKS_UPDATED,PARIS_EOM,2024-04-27T23:00:30.000+0530,2024-05-27T15:58:36.595+0530,GIV,PARIS,CL
c3c1e405-599f-49f3-8d87-62a30ffeaecb,FULL_SYNC,PARIS_EOM,2024-05-24T18:30:00.000+0530,2024-05-27T20:00:33.344+0530,GIV,PARIS,CL
0aa9e59e-4c12-4f67-b8eb-6a54cde95ced,FULL_SYNC,PARIS_EOM,2024-05-24T18:30:00.000+0530,2024-05-28T08:28:23.846+0530,GIV,PARIS,CL
f63b7b1b-fc18-44d1-90d8-de8f34255ea0,FULL_SYNC,PARIS_EOM,2024-05-24T18:30:00.000+0530,2024-05-28T08:28:53.076+0530,GIV,PARIS,CL
ea267f03-0712-4b9e-92ae-67c0edb03098,FULL_SYNC,PARIS_EOM,2024-05-24T18:30:00.000+0530,2024-05-28T08:29:23.199+0530,GIV,PARIS,CL
db165ffd-257b-4f1f-b277-3fe54f496166,FULL_SYNC,PARIS_EOM,2024-05-24T18:30:00.000+0530,2024-05-28T08:29:52.261+0530,GIV,PARIS,CL
b96d89ef-4c83-4d24-90ff-0ff11c7e9a1c,FULL_SYNC,PARIS_EOM,2024-05-24T18:30:00.000+0530,2024-05-28T08:30:22.365+0530,GIV,PARIS,CL
23de5154-c3a9-4678-b88b-e977e78a3068,FULL_SYNC,PARIS_EOM,2024-05-24T18:30:00.000+0530,2024-05-28T08:35:13.647+0530,GIV,PARIS,CL
baaacab2-a788-43a2-821e-8b0fa7a57b5e,FULL_SYNC,PARIS_EOM,2024-05-24T18:30:00.000+0530,2024-05-28T08:35:43.473+0530,GIV,PARIS,CL
afd6bacb-ea77-4bdd-8980-5825849019dc,FULL_SYNC,PARIS_EOM,2024-05-24T18:30:00.000+0530,2024-05-28T08:36:13.425+0530,GIV,PARIS,CL
b1f4b600-d573-4278-9f6b-025dd3a28294,FULL_SYNC,PARIS_EOM,2024-05-24T18:30:00.000+0530,2024-05-28T08:36:43.180+0530,GIV,PARIS,CL
e3fe7319-6f4a-40d3-a5d7-d4dda023fc04,FULL_SYNC,PARIS_EOM,2024-05-24T18:30:00.000+0530,2024-05-28T08:37:12.944+0530,GIV,PARIS,CL
dcc629f6-63b2-4597-ae25-73a0d459e590,FULL_SYNC,PARIS_EOM,2024-05-24T18:30:00.000+0530,2024-05-28T10:27:54.057+0530,GIV,PARIS,CL
f18b7894-3c76-400e-ad3c-c4143f4d6380,FULL_SYNC,PARIS_EOM,2024-02-20T19:00:30.000+0530,2024-05-28T11:23:39.932+0530,GIV,PARIS,CL
ab161af7-6bb8-4054-b059-9d96e7533212,FULL_SYNC,PARIS_EOM,2024-02-20T19:00:30.000+0530,2024-05-28T11:24:32.048+0530,GIV,PARIS,CL
28cc734d-e620-4f42-b22e-c95ab975f6f0,FULL_SYNC,PARIS_EOM,2024-02-20T19:00:30.000+0530,2024-05-28T11:24:51.202+0530,GIV,PARIS,CL
8f6e1309-d304-4938-9c40-5cf62891038b,FULL_SYNC,PARIS_EOM,2024-02-20T19:00:30.000+0530,2024-05-28T11:27:25.004+0530,GIV,PARIS,CL
8e81d896-7a9f-4c65-9b23-c2a56eda0fb3,FULL_SYNC,PARIS_EOM,2024-02-20T19:00:30.000+0530,2024-05-28T11:32:09.500+0530,GIV,PARIS,CL
7dec821e-6538-4730-99af-0553d2843d36,STOCKS_UPDATED,PARIS_EOM,2024-04-17T14:30:30.000+0530,2024-05-28T14:14:38.895+0530,GIV,PARIS,CL
85539a49-be77-4b7d-8c1a-b3cb5b4845cf,STOCKS_UPDATED,PARIS_EOM,2024-05-17T14:30:30.000+0530,2024-05-28T14:24:36.552+0530,GIV,PARIS,CL
b5de4cef-3403-4c94-a501-b712b0653065,FULL_SYNC,PARIS_EOM,2024-05-24T18:30:00.000+0530,2024-05-28T14:34:31.579+0530,GIV,PARIS,CL
88618883-c61c-43f9-9859-9fd45c0a4ccf,STOCKS_UPDATED,PARIS_EOM,2024-05-17T14:30:30.000+0530,2024-05-28T15:57:07.448+0530,GIV,PARIS,CL
4f237c39-8eb0-45cc-a716-df749183c264,FULL_SYNC,PARIS_EOM,2024-05-24T08:54:00.000+0530,2024-05-28T16:05:00.273+0530,GIV,PARIS,CL
59322303-a219-417b-9c82-bab85f9be865,FULL_SYNC,PARIS_EOM,2024-02-20T19:00:30.000+0530,2024-05-28T23:55:04.217+0530,GIV,PARIS,CL
8f57c7c1-c51a-4e44-91d3-be6c54ff7e2d,FULL_SYNC,PARIS_EOM,2024-02-20T19:00:30.000+0530,2024-05-29T16:32:38.484+0530,GIV,PARIS,CL
8f8bb076-0551-4ffe-b879-25ba5ddf5c7c,FULL_SYNC,PARIS_EOM,2024-02-20T19:00:30.000+0530,2024-05-29T16:35:51.747+0530,GIV,PARIS,CL
c60f0d94-85ba-4fb5-bcbc-a4eb2d859abe,FULL_SYNC,PARIS_EOM,2024-02-20T19:00:30.000+0530,2024-05-29T16:38:21.580+0530,GIV,PARIS,CL
129487ca-6ab3-43e1-9c71-cc1e2d17c022,FULL_SYNC,PARIS_EOM,2024-02-20T19:00:30.000+0530,2024-05-29T16:38:49.583+0530,GIV,PARIS,CL
333c1e87-6f33-422f-979d-819fb91063e8,FULL_SYNC,PARIS_EOM,2024-02-20T19:00:30.000+0530,2024-05-29T16:39:18.553+0530,GIV,PARIS,CL
0fcab81d-fd1d-4281-b921-e73da6d7ee2b,FULL_SYNC,PARIS_EOM,2024-02-20T19:00:30.000+0530,2024-05-29T16:45:43.116+0530,GIV,PARIS,CL
ba685245-a804-44aa-9571-2b3b9fc2ab5a,FULL_SYNC,PARIS_EOM,2024-02-20T19:00:30.000+0530,2024-05-29T16:52:05.939+0530,GIV,PARIS,CL
22f38f19-4dff-4852-a3b9-7d6726a2a1bc,FULL_SYNC,PARIS_EOM,2024-05-08T03:31:00.000+0530,2024-05-29T17:25:21.301+0530,GIV,PARIS,CL
c575a6e0-a57a-4704-899e-4816be55f4e9,FULL_SYNC,PARIS_EOM,2024-05-08T03:31:00.000+0530,2024-05-29T17:25:50.690+0530,GIV,PARIS,CL
6f6059bd-0638-4cea-a36f-bfabfe84bdda,FULL_SYNC,PARIS_EOM,2024-05-08T03:31:00.000+0530,2024-05-29T17:26:21.027+0530,GIV,PARIS,CL
05048ac5-683e-4968-9104-003d8b58db16,FULL_SYNC,PARIS_EOM,2024-05-08T03:31:00.000+0530,2024-05-29T17:26:50.386+0530,GIV,PARIS,CL
1558ef65-caab-4a6d-a03f-6dbaf1ff8d5d,FULL_SYNC,PARIS_EOM,2024-05-08T03:31:00.000+0530,2024-05-29T17:27:20.236+0530,GIV,PARIS,CL
8407d373-3c00-4b25-885e-bd563b690093,FULL_SYNC,PARIS_EOM,2024-05-05T05:30:00.000+0530,2024-05-29T17:28:05.283+0530,GIV,PARIS,CL
c0298c56-4249-4ef1-984c-8edf15fa874e,FULL_SYNC,PARIS_EOM,2024-05-05T05:30:00.000+0530,2024-05-29T17:28:35.088+0530,GIV,PARIS,CL
b396d44a-b078-4ac0-a128-85274cc14a9d,FULL_SYNC,PARIS_EOM,2024-05-05T05:30:00.000+0530,2024-05-29T17:29:05.431+0530,GIV,PARIS,CL
d7c1ee69-d6a5-493e-a1cf-59a599b31146,FULL_SYNC,PARIS_EOM,2024-05-05T05:30:00.000+0530,2024-05-29T17:29:34.746+0530,GIV,PARIS,CL
c22d60c8-fe17-4d23-858a-7bb876694697,FULL_SYNC,PARIS_EOM,2024-05-05T05:30:00.000+0530,2024-05-29T17:30:05.552+0530,GIV,PARIS,CL
121b800a-8e4e-4983-b007-94e6569bcd4a,FULL_SYNC,PARIS_EOM,2024-05-05T05:30:00.000+0530,2024-05-29T17:41:14.591+0530,GIV,PARIS,CL
47e43e35-481a-40bb-80d6-73acd3a01f82,FULL_SYNC,PARIS_EOM,2024-05-05T05:30:00.000+0530,2024-05-29T17:41:44.264+0530,GIV,PARIS,CL
317db9de-2dac-427f-ae20-5817d567e67e,FULL_SYNC,PARIS_EOM,2024-05-05T05:30:00.000+0530,2024-05-29T17:42:14.281+0530,GIV,PARIS,CL
607638eb-55ac-404f-bb77-d388604fcf54,FULL_SYNC,PARIS_EOM,2024-05-05T05:30:00.000+0530,2024-05-29T17:42:44.406+0530,GIV,PARIS,CL
113903ae-bf5e-4b8a-8a42-b9feb02b3330,FULL_SYNC,PARIS_EOM,2024-05-05T05:30:00.000+0530,2024-05-29T17:43:14.336+0530,GIV,PARIS,CL
d9d62a90-b999-4b08-a935-12eb03e07862,FULL_SYNC,PARIS_EOM,2024-05-28T03:31:00.000+0530,2024-05-29T17:48:25.327+0530,GIV,PARIS,CL
4b486b00-4207-4314-a9c0-c188f70b485f,FULL_SYNC,PARIS_EOM,2024-05-28T03:31:00.000+0530,2024-05-29T17:48:55.182+0530,GIV,PARIS,CL
c9ff6be5-0afe-48bc-94ff-d8d8b2d6d76c,FULL_SYNC,PARIS_EOM,2024-05-28T03:31:00.000+0530,2024-05-29T17:49:06.363+0530,GIV,PARIS,CL
033b8469-5ccf-4be6-a699-48c263a1f823,FULL_SYNC,PARIS_EOM,2024-05-28T03:31:00.000+0530,2024-05-29T17:49:25.176+0530,GIV,PARIS,CL
6ff5a73c-d934-4b5c-9a4d-db01e5643349,FULL_SYNC,PARIS_EOM,2024-05-28T03:31:00.000+0530,2024-05-29T17:49:36.333+0530,GIV,PARIS,CL
169665ed-01ab-4024-8b53-c65b38118a48,FULL_SYNC,PARIS_EOM,2024-05-28T03:31:00.000+0530,2024-05-29T17:50:05.557+0530,GIV,PARIS,CL
dee5e3fd-37b0-442a-b32f-afcbc91d0872,FULL_SYNC,PARIS_EOM,2024-05-28T03:31:00.000+0530,2024-05-29T17:50:17.444+0530,GIV,PARIS,CL
af44e6ad-6919-4fa3-aa6e-66dd0d33671f,FULL_SYNC,PARIS_EOM,2024-05-28T03:31:00.000+0530,2024-05-29T17:50:35.197+0530,GIV,PARIS,CL
2a9aceaf-b043-42f2-ade9-b3d02374bd4f,FULL_SYNC,PARIS_EOM,2024-05-28T03:31:00.000+0530,2024-05-29T17:50:46.458+0530,GIV,PARIS,CL
3e4a10bf-5952-4b8c-9387-e9f13109a92b,FULL_SYNC,PARIS_EOM,2024-05-28T03:31:00.000+0530,2024-05-29T17:51:17.016+0530,GIV,PARIS,CL
c187476e-a6f9-4c70-badd-6364ce92d725,FULL_SYNC,PARIS_EOM,2024-05-28T03:31:00.000+0530,2024-05-29T17:51:47.181+0530,GIV,PARIS,CL
f70df322-dddd-4045-aa11-a3c01637a1b8,FULL_SYNC,PARIS_EOM,2024-05-28T03:31:00.000+0530,2024-05-29T17:52:18.651+0530,GIV,PARIS,CL
5274eb45-3684-47e3-a36a-f3f927c13c22,FULL_SYNC,PARIS_EOM,2024-05-28T03:31:00.000+0530,2024-05-29T17:52:48.987+0530,GIV,PARIS,CL
39146fcb-62b9-405c-ade5-c0fd25832cd5,FULL_SYNC,PARIS_EOM,2024-05-28T03:31:00.000+0530,2024-05-29T17:53:19.076+0530,GIV,PARIS,CL
13d0355f-b8a0-495f-81e4-788713bfd836,FULL_SYNC,PARIS_EOM,2024-05-28T03:31:00.000+0530,2024-05-29T17:53:49.075+0530,GIV,PARIS,CL
b3ef81d4-47a0-4f52-a086-1577d3f2fa42,FULL_SYNC,PARIS_EOM,2024-05-28T03:31:00.000+0530,2024-05-29T18:05:17.543+0530,GIV,PARIS,CL
3cf1ce70-9dbf-4ce9-900d-d19b701edbd6,FULL_SYNC,PARIS_EOM,2024-05-28T03:31:00.000+0530,2024-05-29T18:08:01.195+0530,GIV,PARIS,CL
