id,supply_activity_log_job_id,supply_activity_log_created_at,node_code,status,started_at,completed_at,metadata,created_at,created_by,last_updated_at,last_updated_by,file_name,reason
908b96ff-e100-48ae-aa65-3e41c51765fe,3dea7df4-235e-45e0-bb36-e81730c1abd9,2024-04-16T17:12:30.344+0530,3000,STARTED,2024-04-16T17:12:30.418+0530,2024-06-05T15:49:08.749+0530,"{""FILE_NAME"": ""paris_eom_3000_1.csv""}",2024-04-16T17:12:30.418+0530,GIV,2024-06-05T15:49:08.749+0530,,paris_eom_3000_1.csv,
43219ec6-ced7-4490-9b5c-91038f6e13b1,87576730-0e50-4e6b-89b5-c12387bb7670,2024-04-16T17:35:48.664+0530,3001,STARTED,2024-04-16T17:35:48.669+0530,2024-06-05T15:49:08.749+0530,"{""FILE_NAME"": ""paris_eom_3001.csv""}",2024-04-16T17:35:48.669+0530,GIV,2024-06-05T15:49:08.749+0530,,paris_eom_3001.csv,
5fe60967-8bef-47bf-9aac-f3b1acb43d22,34751d0a-458f-421f-bddb-ad47e0e56f12,2024-04-16T18:52:04.557+0530,3001,STARTED,2024-04-16T18:52:04.562+0530,2024-06-05T15:49:08.749+0530,"{""FILE_NAME"": ""paris_eom_3001.csv""}",2024-04-16T18:52:04.562+0530,GIV,2024-06-05T15:49:08.749+0530,,paris_eom_3001.csv,
ce265f7a-7483-4564-9be8-4d397faa4702,4a215e65-8517-4ce3-9ea0-1c8113186980,2024-04-16T22:53:05.813+0530,3002,STARTED,2024-04-16T22:53:05.881+0530,2024-06-05T15:49:08.749+0530,"{""FILE_NAME"": ""paris_eom_3001.csv""}",2024-04-16T22:53:05.881+0530,GIV,2024-06-05T15:49:08.749+0530,,paris_eom_3001.csv,
1f4d0f60-b5ea-437f-9dc8-7a10c9dc630b,213762bd-ede3-4619-94fe-3dea185e3283,2024-04-17T11:31:16.807+0530,3003,STARTED,2024-04-17T11:31:16.811+0530,2024-06-05T15:49:08.749+0530,"{""FILE_NAME"": ""my_file.csv""}",2024-04-17T11:31:16.811+0530,GIV,2024-06-05T15:49:08.749+0530,,my_file.csv,
f6299439-fc49-4c3a-b459-e3f00bfb7194,c0e67349-44b1-4f8d-91a2-61f6b9b85a8a,2024-04-17T11:40:46.640+0530,3004,STARTED,2024-04-17T11:40:46.643+0530,2024-06-05T15:49:08.749+0530,"{""FILE_NAME"": ""my_file.csv""}",2024-04-17T11:40:46.643+0530,GIV,2024-06-05T15:49:08.749+0530,,my_file.csv,
8c390bee-1d7a-4d8a-b7e1-039ede497524,20681971-6ed8-4327-95ad-bd5529cf0b22,2024-04-17T11:43:51.953+0530,3005,STARTED,2024-04-17T11:43:51.956+0530,2024-06-05T15:49:08.749+0530,"{""FILE_NAME"": ""my_file.csv""}",2024-04-17T11:43:51.956+0530,GIV,2024-06-05T15:49:08.749+0530,,my_file.csv,
f93ad348-bf73-4eb2-9a1d-8af694b8a842,68cfab81-48ff-48a0-80e3-68b04d6f0a21,2024-04-17T14:46:16.262+0530,4001,STARTED,2024-04-17T14:46:16.268+0530,2024-06-05T15:49:08.749+0530,"{""FILE_NAME"": ""my_file.csv""}",2024-04-17T14:46:16.268+0530,GIV,2024-06-05T15:49:08.749+0530,,my_file.csv,
8d219c73-c13a-49dd-b059-fe8fff980861,ba25997f-1170-4ec7-a9da-172359242f1f,2024-04-17T15:01:35.731+0530,5555,STARTED,2024-04-17T15:01:35.735+0530,2024-06-05T15:49:08.749+0530,"{""FILE_NAME"": ""yash.csv""}",2024-04-17T15:01:35.735+0530,GIV,2024-06-05T15:49:08.749+0530,,yash.csv,
497b7109-8526-4650-a4db-f51c09f0745e,546029f5-f17d-4043-9d63-5ba95b170988,2024-04-17T15:28:56.882+0530,2000,STARTED,2024-04-17T15:28:56.885+0530,2024-06-05T15:49:08.749+0530,"{""FILE_NAME"": ""node_full_sync_sample_1.csv""}",2024-04-17T15:28:56.885+0530,GIV,2024-06-05T15:49:08.749+0530,,node_full_sync_sample_1.csv,
053f5827-7ee1-4261-a521-b482e55e45ee,dcf14507-df5e-4fa0-a0d9-34afe10f2d3a,2024-04-18T10:13:06.855+0530,8888,STARTED,2024-04-18T10:13:06.891+0530,2024-06-05T15:49:08.749+0530,"{""FILE_NAME"": ""yash.csv""}",2024-04-18T10:13:06.891+0530,GIV,2024-06-05T15:49:08.749+0530,,yash.csv,
a31049b0-4291-4a51-83f1-b2768fb9f65b,e21885e7-e4ca-41c6-bd75-aa85652a3e9b,2024-04-18T15:17:59.884+0530,2000,STARTED,2024-04-18T15:17:59.890+0530,2024-06-05T15:49:08.749+0530,"{""FILE_NAME"": ""node_full_sync_sample_test.csv""}",2024-04-18T15:17:59.890+0530,GIV,2024-06-05T15:49:08.749+0530,,node_full_sync_sample_test.csv,
48224dd3-ff3f-4a78-b9df-ffbc12497a32,890a7b78-af18-4507-b352-28b6ea8e823c,2024-04-18T15:49:57.224+0530,2000,STARTED,2024-04-18T15:49:57.239+0530,2024-06-05T15:49:08.749+0530,"{""FILE_NAME"": ""csvFile.csv""}",2024-04-18T15:49:57.239+0530,GIV,2024-06-05T15:49:08.749+0530,,csvFile.csv,
e5caea07-654d-4e4f-8ae3-c060f979898d,cb257163-e853-4e45-864d-44004d58cd6f,2024-04-18T17:12:42.964+0530,8888,STARTED,2024-04-18T17:12:42.974+0530,2024-06-05T15:49:08.749+0530,"{""FILE_NAME"": ""file_name.csv""}",2024-04-18T17:12:42.974+0530,GIV,2024-06-05T15:49:08.749+0530,,file_name.csv,
b10e3626-76d7-486a-9b77-4cd69d5b316e,d7436a59-a624-484e-91d6-bc5fc3a4d762,2024-04-18T17:16:26.097+0530,3006,FAILED,2024-04-18T17:16:26.101+0530,2024-04-18T17:16:26.101+0530,"{""FILE_NAME"": ""file_name.csv""}",2024-04-18T17:16:26.101+0530,GIV,2024-06-05T15:49:08.749+0530,,file_name.csv,Node code not found
94738c14-1285-42f1-a342-49cd9ca7305b,3a8204db-8159-43cc-a395-f869769d8d3b,2024-04-18T17:33:43.644+0530,8888,STARTED,2024-04-18T17:33:43.651+0530,2024-06-05T15:49:08.749+0530,"{""FILE_NAME"": ""file_name_1.csv""}",2024-04-18T17:33:43.651+0530,GIV,2024-06-05T15:49:08.749+0530,,file_name_1.csv,
5d4bd724-9e31-4847-a8c2-93dae8ade3e5,8ee1c049-d18f-4d30-b164-f4dd4cd14612,2024-04-18T17:36:35.139+0530,3006,FAILED,2024-04-18T17:36:35.142+0530,2024-04-18T17:36:35.142+0530,"{""FILE_NAME"": ""file_name_1.csv""}",2024-04-18T17:36:35.142+0530,GIV,2024-06-05T15:49:08.749+0530,,file_name_1.csv,Node code not found
df23acf3-fb8a-418f-9843-262723b70214,b2049b01-39e1-4e1c-bf98-a14683ed8d28,2024-04-22T13:04:38.280+0530,3006,FAILED,2024-04-22T13:04:38.330+0530,2024-04-22T13:04:38.330+0530,"{""FILE_NAME"": ""file_name_1.csv""}",2024-04-22T13:04:38.330+0530,GIV,2024-06-05T15:49:08.749+0530,,file_name_1.csv,Node code not found
abf68471-8b04-48b5-b248-c59b57a87d54,be8053fe-c987-474d-ac22-e8cfbff0fdce,2024-04-22T14:02:11.643+0530,3896,COMPLETED,2024-04-22T14:02:11.672+0530,2024-06-05T15:49:08.749+0530,"{""FILE_NAME"": ""file_name_1.csv""}",2024-04-22T14:02:11.672+0530,GIV,2024-06-05T15:49:08.749+0530,,file_name_1.csv,
6747ced7-5d6a-4806-826e-0fe9e752510c,bb3096fd-8d18-4468-8ac2-12414e69b8fc,2024-04-22T14:02:40.345+0530,3006,FAILED,2024-04-22T14:02:40.348+0530,2024-04-22T14:02:40.348+0530,"{""FILE_NAME"": ""file_name_1.csv""}",2024-04-22T14:02:40.348+0530,GIV,2024-06-05T15:49:08.749+0530,,file_name_1.csv,Node code not found
7442df18-4a59-4b32-93e8-fce47a98cd06,c94e8999-27fa-4209-9385-2ff58c237ac1,2024-04-22T14:11:26.525+0530,3006,FAILED,2024-04-22T14:11:26.528+0530,2024-04-22T14:11:26.529+0530,"{""FILE_NAME"": ""file_name_1.csv""}",2024-04-22T14:11:26.529+0530,GIV,2024-06-05T15:49:08.749+0530,,file_name_1.csv,Node code not found
d0f47ef4-4911-4851-9f29-477783635b1e,005b306d-e9aa-4652-81f9-db5d3eb07a73,2024-04-22T14:11:34.536+0530,3006,FAILED,2024-04-22T14:11:34.539+0530,2024-04-22T14:11:34.539+0530,"{""FILE_NAME"": ""file_name_1.csv""}",2024-04-22T14:11:34.539+0530,GIV,2024-06-05T15:49:08.749+0530,,file_name_1.csv,Node code not found
b868ad4a-bd3e-4a3f-848b-3090f4680238,27439cb8-c377-4f16-8e6e-07457184e1b0,2024-04-22T14:11:43.504+0530,3006,FAILED,2024-04-22T14:11:43.508+0530,2024-04-22T14:11:43.508+0530,"{""FILE_NAME"": ""file_name_1.csv""}",2024-04-22T14:11:43.508+0530,GIV,2024-06-05T15:49:08.749+0530,,file_name_1.csv,Node code not found
b152be51-391d-4741-973a-7e69a877cafb,3eac4948-c6d5-4476-b6ac-92e340f298dd,2024-04-22T14:11:45.288+0530,3006,FAILED,2024-04-22T14:11:45.291+0530,2024-04-22T14:11:45.291+0530,"{""FILE_NAME"": ""file_name_1.csv""}",2024-04-22T14:11:45.291+0530,GIV,2024-06-05T15:49:08.749+0530,,file_name_1.csv,Node code not found
029c7fea-3f10-4c5b-b2e0-986a5f9de3e3,e2ba5071-b415-45f9-b047-9be1958af20d,2024-04-22T15:11:20.782+0530,88800,STARTED,2024-04-22T15:11:20.832+0530,2024-06-05T15:49:08.749+0530,"{""FILE_NAME"": ""my_file.csv""}",2024-04-22T15:11:20.832+0530,GIV,2024-06-05T15:49:08.749+0530,,my_file.csv,
547a9326-25c2-4ff7-8dfa-d24cf39607a3,f4d60a39-ec51-4f72-aac1-dee8c0327033,2024-04-22T15:16:46.259+0530,67,STARTED,2024-04-22T15:16:46.262+0530,2024-06-05T15:49:08.749+0530,"{""FILE_NAME"": ""my_file.csv""}",2024-04-22T15:16:46.262+0530,GIV,2024-06-05T15:49:08.749+0530,,my_file.csv,
16e3d50c-542f-4586-b32e-81adc6dc0d42,2d1be939-6170-42f8-990f-b1f1f92da0c7,2024-04-22T15:46:11.449+0530,1234,FAILED,2024-04-22T15:46:11.453+0530,2024-06-05T15:49:08.749+0530,"{""FILE_NAME"": ""PARIS_EOM_1234.csv""}",2024-04-22T15:46:11.453+0530,GIV,2024-06-05T15:49:08.749+0530,,PARIS_EOM_1234.csv,
be306bd5-6a61-4d7d-b506-5206356d01fb,cae31895-613f-46d8-9035-c998652d2f6b,2024-04-22T15:56:10.219+0530,1234,COMPLETED,2024-04-22T15:56:10.223+0530,2024-06-05T15:49:08.749+0530,"{""FILE_NAME"": ""PARIS_EOM_1234_1.csv""}",2024-04-22T15:56:10.223+0530,GIV,2024-06-05T15:49:08.749+0530,,PARIS_EOM_1234_1.csv,
aa81269a-f0e5-4a17-a756-1b3b837d96e9,dffd89dd-dc8a-4e86-8bd1-94cf0f103b6b,2024-04-22T16:22:32.371+0530,5656,COMPLETED,2024-04-22T16:22:32.375+0530,2024-06-05T15:49:08.749+0530,"{""FILE_NAME"": ""my_file_1.csv""}",2024-04-22T16:22:32.375+0530,GIV,2024-06-05T15:49:08.749+0530,,my_file_1.csv,
d4d748a4-3883-4cab-8587-61e8a71b1a84,8edd7964-d7e7-4be2-a4aa-c082411cd1da,2024-04-22T16:48:38.455+0530,5657,FAILED,2024-04-22T16:48:38.458+0530,2024-06-05T15:49:08.749+0530,"{""FILE_NAME"": ""my_file_1.csv""}",2024-04-22T16:48:38.458+0530,GIV,2024-06-05T15:49:08.749+0530,,my_file_1.csv,
96315bb8-f306-4570-b93a-7ef5f316ae10,7cfca08c-43bc-4530-b853-673c39eda443,2024-04-22T16:51:52.068+0530,5658,FAILED,2024-04-22T16:51:52.075+0530,2024-06-05T15:49:08.749+0530,"{""FILE_NAME"": ""my_file_1.csv""}",2024-04-22T16:51:52.075+0530,GIV,2024-06-05T15:49:08.749+0530,,my_file_1.csv,
877ba235-0ba5-48ca-9ce0-be3874f667cb,148d2696-d88c-44be-991b-16e4e8bd2cd0,2024-04-22T16:54:30.423+0530,5659,COMPLETED,2024-04-22T16:54:30.426+0530,2024-06-05T15:49:08.749+0530,"{""FILE_NAME"": ""my_file_1.csv""}",2024-04-22T16:54:30.426+0530,GIV,2024-06-05T15:49:08.749+0530,,my_file_1.csv,
e6a64b07-055a-47f3-beb1-7d7382d1cf1a,d9596730-5690-4a74-8d0e-3524c2992729,2024-04-23T00:51:04.698+0530,2000,FAILED,2024-04-23T00:51:04.701+0530,2024-06-05T15:49:08.749+0530,"{""FILE_NAME"": ""csvFile1-3.csv""}",2024-04-23T00:51:04.701+0530,GIV,2024-06-05T15:49:08.749+0530,,csvFile1-3.csv,
033f562f-6869-444d-b2b2-db036d5303f9,1d35fce9-2fc0-4497-beff-1bcb5603cfe3,2024-04-23T17:01:29.700+0530,3006,FAILED,2024-04-23T17:01:29.706+0530,2024-04-23T17:01:29.706+0530,"{""FILE_NAME"": ""file_name_1.csv""}",2024-04-23T17:01:29.706+0530,GIV,2024-06-05T15:49:08.749+0530,,file_name_1.csv,Node code not found
9e6df37d-841c-4f14-b02d-cdd8356e48c2,5e08180e-b626-457d-b082-1d878cc7b0d9,2024-04-23T17:01:58.334+0530,3666,STARTED,2024-04-23T17:01:58.337+0530,2024-06-05T15:49:08.749+0530,"{""FILE_NAME"": ""file_name_1.csv""}",2024-04-23T17:01:58.337+0530,GIV,2024-06-05T15:49:08.749+0530,,file_name_1.csv,
d713dfa2-1851-4468-ab7a-d7e1c030af6c,6f06bf72-335a-42f9-bf57-82a3e7c37674,2024-04-24T09:46:22.237+0530,2000,FAILED,2024-04-24T09:46:22.247+0530,2024-06-05T15:49:08.749+0530,"{""FILE_NAME"": ""csvFile1-3.csv""}",2024-04-24T09:46:22.247+0530,GIV,2024-06-05T15:49:08.749+0530,,csvFile1-3.csv,
4f648d97-9dcb-46a6-9ddb-5e0c6fbf92c3,2f0c2578-6fa1-4d37-82d1-cd79a0ff2f0b,2024-04-24T10:35:30.601+0530,2000,FAILED,2024-04-24T10:35:30.612+0530,2024-06-05T15:49:08.749+0530,"{""FILE_NAME"": ""csvFile1-3.csv""}",2024-04-24T10:35:30.612+0530,GIV,2024-06-05T15:49:08.749+0530,,csvFile1-3.csv,
84c3c899-5ce1-4b2f-b164-42f0e70525f7,f26c953d-73fa-426d-98f7-5e6ea157fb46,2024-04-23T00:48:09.306+0530,2000,COMPLETED,2024-04-23T00:48:09.311+0530,2024-06-05T15:49:08.749+0530,"{""FILE_NAME"": ""csvFile1-2.csv""}",2024-04-23T00:48:09.311+0530,GIV,2024-06-05T15:49:08.749+0530,,csvFile1-2.csv,
5d260ac2-13ae-40f9-810c-3aa91d5546ee,d84e965a-20d5-4caa-9b89-1928c2b14d8e,2024-04-24T10:54:16.694+0530,2000,FAILED,2024-04-24T10:54:16.701+0530,2024-06-05T15:49:08.749+0530,"{""FILE_NAME"": ""csvFile1-3.csv""}",2024-04-24T10:54:16.701+0530,GIV,2024-06-05T15:49:08.749+0530,,csvFile1-3.csv,
45a81b6d-74a8-4617-8cd5-795d57ed58a9,399d9688-d3e9-4b42-9eb1-a14dd51b778f,2024-04-24T11:31:07.944+0530,2000,FAILED,2024-04-24T11:31:07.946+0530,2024-06-05T15:49:08.749+0530,"{""FILE_NAME"": ""csvFile1-3.csv""}",2024-04-24T11:31:07.946+0530,GIV,2024-06-05T15:49:08.749+0530,,csvFile1-3.csv,
2b55f263-aa77-4534-996d-e15645df0913,00a71592-4fb4-45e2-b72e-8a49d630187e,2024-04-24T11:31:37.829+0530,2000,FAILED,2024-04-24T11:31:37.832+0530,2024-06-05T15:49:08.749+0530,"{""FILE_NAME"": ""csvFile1-3.csv""}",2024-04-24T11:31:37.832+0530,GIV,2024-06-05T15:49:08.749+0530,,csvFile1-3.csv,
5b9ae654-6bdd-4b96-b5f7-a42f67b96c3a,be91a446-9f70-4ef5-9ff4-f4ba2d32f7f7,2024-04-24T11:32:07.844+0530,2000,FAILED,2024-04-24T11:32:07.846+0530,2024-06-05T15:49:08.749+0530,"{""FILE_NAME"": ""csvFile1-3.csv""}",2024-04-24T11:32:07.846+0530,GIV,2024-06-05T15:49:08.749+0530,,csvFile1-3.csv,
1e86c6dc-8ff7-49dc-b3ff-89d7e9711812,c4c442da-3c69-4a30-9adf-ae271a544429,2024-04-24T11:32:37.883+0530,2000,FAILED,2024-04-24T11:32:37.886+0530,2024-06-05T15:49:08.749+0530,"{""FILE_NAME"": ""csvFile1-3.csv""}",2024-04-24T11:32:37.886+0530,GIV,2024-06-05T15:49:08.749+0530,,csvFile1-3.csv,
4481bb5f-a11a-48b9-996a-38f85f940111,a086b940-20ab-4cd0-87c9-190687aaca4a,2024-04-18T15:56:50.439+0530,2000,COMPLETED,2024-04-18T15:56:50.446+0530,2024-06-05T15:49:08.749+0530,"{""FILE_NAME"": ""csvFile1.csv""}",2024-04-18T15:56:50.446+0530,GIV,2024-06-05T15:49:08.749+0530,,csvFile1.csv,
f06cbc59-9629-43f7-910b-881c12af8f74,f949adc8-3551-4c3e-a2c9-9223c8e6d9e1,2024-04-24T11:33:07.823+0530,2000,FAILED,2024-04-24T11:33:07.825+0530,2024-06-05T15:49:08.749+0530,"{""FILE_NAME"": ""csvFile1-3.csv""}",2024-04-24T11:33:07.825+0530,GIV,2024-06-05T15:49:08.749+0530,,csvFile1-3.csv,
a11fc4b7-786c-4080-b0ee-3c254c9635da,a562b039-886d-44c2-9b7d-723802a045ff,2024-04-24T12:55:32.870+0530,Node0001,COMPLETED,2024-04-24T12:55:32.878+0530,2024-06-05T15:49:08.749+0530,"{""FILE_NAME"": ""Node0001.csv""}",2024-04-24T12:55:32.878+0530,GIV,2024-06-05T15:49:08.749+0530,,Node0001.csv,
c2287c0c-9e4b-4091-a36c-77c2e5d458d5,6a22c329-e595-417c-a612-adc79bde4ea5,2024-04-25T01:01:49.349+0530,2000,FAILED,2024-04-25T01:01:49.356+0530,2024-06-05T15:49:08.749+0530,"{""FILE_NAME"": ""csvFile1-3.csv""}",2024-04-25T01:01:49.356+0530,GIV,2024-06-05T15:49:08.749+0530,,csvFile1-3.csv,
54fd1252-ab1b-4f27-9a4b-c36fd21582b6,dcc2063a-0fe2-4abe-98b7-f3ad078b124e,2024-04-25T01:02:18.641+0530,2000,FAILED,2024-04-25T01:02:18.646+0530,2024-06-05T15:49:08.749+0530,"{""FILE_NAME"": ""csvFile1-3.csv""}",2024-04-25T01:02:18.646+0530,GIV,2024-06-05T15:49:08.749+0530,,csvFile1-3.csv,
8015509d-8ef4-4fec-88af-c97fd4ac0744,03eb68a5-65d5-4bf0-bad5-95c68ed71736,2024-04-25T01:02:48.661+0530,2000,FAILED,2024-04-25T01:02:48.664+0530,2024-06-05T15:49:08.749+0530,"{""FILE_NAME"": ""csvFile1-3.csv""}",2024-04-25T01:02:48.664+0530,GIV,2024-06-05T15:49:08.749+0530,,csvFile1-3.csv,
340dbc2b-d528-4f03-af64-08eaeab28267,3c73c94f-9d17-4256-8d41-21c4e229b2c6,2024-04-25T01:03:18.713+0530,2000,FAILED,2024-04-25T01:03:18.716+0530,2024-06-05T15:49:08.749+0530,"{""FILE_NAME"": ""csvFile1-3.csv""}",2024-04-25T01:03:18.716+0530,GIV,2024-06-05T15:49:08.749+0530,,csvFile1-3.csv,
4826f4e3-76b6-4ec9-8bcf-b881332c9dc8,5e808ceb-345d-4a65-bb17-d64fbbebed8e,2024-04-25T01:03:48.615+0530,2000,FAILED,2024-04-25T01:03:48.617+0530,2024-06-05T15:49:08.749+0530,"{""FILE_NAME"": ""csvFile1-3.csv""}",2024-04-25T01:03:48.617+0530,GIV,2024-06-05T15:49:08.749+0530,,csvFile1-3.csv,
98f6bbaf-2862-43ec-b2a6-5729dbf2860e,69dca5e8-9b87-474a-8768-63b0a1787b9b,2024-04-25T15:43:58.136+0530,2000,FAILED,2024-04-25T15:43:58.191+0530,2024-06-05T15:49:08.749+0530,"{""FILE_NAME"": ""csvFile1-3.csv""}",2024-04-25T15:43:58.191+0530,GIV,2024-06-05T15:49:08.749+0530,,csvFile1-3.csv,
cba690ea-f30b-47d6-a87d-592c6a7d8c6c,6273948f-39f0-4881-b8b6-d294c06deeb2,2024-04-26T16:27:45.573+0530,2000,COMPLETED,2024-04-26T16:27:45.578+0530,2024-06-05T15:49:08.749+0530,"{""FILE_NAME"": ""csvFile_test_lambda.csv""}",2024-04-26T16:27:45.578+0530,GIV,2024-06-05T15:49:08.749+0530,,csvFile_test_lambda.csv,
e2ad7bb0-17a3-4512-99ef-bd4f394d5b0b,2d616237-6d66-443f-9715-75f9cfba1ecb,2024-04-29T14:03:07.299+0530,2000,COMPLETED,2024-04-29T14:03:07.306+0530,2024-06-05T15:49:08.749+0530,"{""FILE_NAME"": ""csvFileTest1.csv""}",2024-04-29T14:03:07.306+0530,GIV,2024-06-05T15:49:08.749+0530,,csvFileTest1.csv,
05a1acb8-5d08-4d15-954c-490a7654e026,f6a446e1-ddab-41fc-a23b-89fe1caebd03,2024-04-29T16:13:24.191+0530,3666,STARTED,2024-04-29T16:13:24.194+0530,2024-06-05T15:49:08.749+0530,"{""FILE_NAME"": ""file_name_5.csv""}",2024-04-29T16:13:24.194+0530,GIV,2024-06-05T15:49:08.749+0530,,file_name_5.csv,
7b7ecf02-d469-47d9-b7c3-3a02ef19d1f8,0a0c0d05-991f-4499-8821-a9cd2cda426d,2024-04-29T17:57:44.610+0530,1122,IN_PROGRESS,2024-04-29T17:57:44.616+0530,2024-06-05T15:49:08.749+0530,"{""FILE_NAME"": ""file1.csv""}",2024-04-29T17:57:44.616+0530,GIV,2024-06-05T15:49:08.749+0530,,file1.csv,
0af40f2f-3e5f-4faf-8a0a-6f105fba980e,b55006c9-505d-4196-a386-2336ea8308b2,2024-04-29T19:35:46.063+0530,7777,STARTED,2024-04-29T19:35:46.146+0530,2024-06-05T15:49:08.749+0530,"{""FILE_NAME"": ""new.csv""}",2024-04-29T19:35:46.146+0530,GIV,2024-06-05T15:49:08.749+0530,,new.csv,
d6e8e09c-a4c2-4ec9-9f6d-3de611e0d918,a5150948-a661-4d9c-83b5-ef45b23ecad3,2024-04-30T11:51:01.208+0530,2000,COMPLETED,2024-04-30T11:51:01.223+0530,2024-06-05T15:49:08.749+0530,"{""FILE_NAME"": ""csvFileTest5.csv""}",2024-04-30T11:51:01.223+0530,GIV,2024-06-05T15:49:08.749+0530,,csvFileTest5.csv,
a300fcf1-aad5-46a9-973b-c9737ae9cc7b,57c4d41c-2f76-4b78-adce-bb258c1850fc,2024-04-30T11:51:57.120+0530,2000,COMPLETED,2024-04-30T11:51:57.123+0530,2024-06-05T15:49:08.749+0530,"{""FILE_NAME"": ""csvFileTest6.csv""}",2024-04-30T11:51:57.123+0530,GIV,2024-06-05T15:49:08.749+0530,,csvFileTest6.csv,
74237dd9-c555-452d-bd26-1c6ac04ac632,743aef20-b93d-4945-b1dc-74457c3a99cf,2024-04-30T12:08:40.572+0530,9999,STARTED,2024-04-30T12:08:40.611+0530,2024-06-05T15:49:08.749+0530,"{""FILE_NAME"": ""my_file.csv""}",2024-04-30T12:08:40.611+0530,GIV,2024-06-05T15:49:08.749+0530,,my_file.csv,
8538a886-61b2-4d48-93a9-c309a2564b6d,f463ec31-6a91-468a-81d7-4940aeabbabe,2024-04-30T12:37:33.626+0530,1100,STARTED,2024-04-30T12:37:33.631+0530,2024-06-05T15:49:08.749+0530,"{""FILE_NAME"": ""my_file.csv""}",2024-04-30T12:37:33.631+0530,GIV,2024-06-05T15:49:08.749+0530,,my_file.csv,
cbc37e21-9355-4528-9e9a-c4f66cb8d847,3221ffa7-4335-4f86-9d79-9fc510dbc2f0,2024-04-30T13:31:06.625+0530,2000,STARTED,2024-04-30T13:31:06.631+0530,2024-06-05T15:49:08.749+0530,"{""FILE_NAME"": ""new_file_101.csv""}",2024-04-30T13:31:06.631+0530,GIV,2024-06-05T15:49:08.749+0530,,new_file_101.csv,
7aa7d3ba-f513-4d0b-ab1d-746c122637ef,63de1b1f-fa8c-41df-9623-02312d7550e4,2024-04-30T14:00:41.637+0530,2000,STARTED,2024-04-30T14:00:41.641+0530,2024-06-05T15:49:08.749+0530,"{""FILE_NAME"": ""new_file_102.csv""}",2024-04-30T14:00:41.641+0530,GIV,2024-06-05T15:49:08.749+0530,,new_file_102.csv,
7af01900-9a0b-41f8-a933-c936cec334cb,33c20a37-489c-442e-9cc1-0c71a3b608f2,2024-04-30T14:25:00.188+0530,3000,COMPLETED,2024-04-30T14:25:00.197+0530,2024-06-05T15:49:08.749+0530,"{""FILE_NAME"": ""csvFileTest9.csv""}",2024-04-30T14:25:00.197+0530,GIV,2024-06-05T15:49:08.749+0530,,csvFileTest9.csv,
bbd7e92e-36bb-4dd7-bc4e-6689cfe52a5e,63bb7f5e-d724-4801-82a0-428694037113,2024-04-30T14:40:00.398+0530,3939,STARTED,2024-04-30T14:40:00.405+0530,2024-06-05T15:49:08.749+0530,"{""FILE_NAME"": ""file_101.csv""}",2024-04-30T14:40:00.406+0530,GIV,2024-06-05T15:49:08.749+0530,,file_101.csv,
48e4aa23-d25b-40e7-ac26-ad82f619b2b9,a3dfd37f-137d-4612-82c0-9314afce1cf9,2024-04-30T14:41:02.416+0530,2000,COMPLETED,2024-04-30T14:41:02.418+0530,2024-06-05T15:49:08.749+0530,"{""FILE_NAME"": ""csvFileTest10.csv""}",2024-04-30T14:41:02.418+0530,GIV,2024-06-05T15:49:08.749+0530,,csvFileTest10.csv,
ed31e3ea-c715-456c-95d9-3a6ac2fffe49,7c94e8f8-3ad5-4c67-b632-021c4652d555,2024-04-30T14:42:07.035+0530,2000,COMPLETED,2024-04-30T14:42:07.038+0530,2024-06-05T15:49:08.749+0530,"{""FILE_NAME"": ""csvFileTest11.csv""}",2024-04-30T14:42:07.038+0530,GIV,2024-06-05T15:49:08.749+0530,,csvFileTest11.csv,
3cbdae91-714d-42eb-90eb-fdf959dd94e9,8571ea9c-00a2-4703-98c9-063e910207a5,2024-04-30T14:59:53.538+0530,2000,STARTED,2024-04-30T14:59:53.541+0530,2024-06-05T15:49:08.749+0530,"{""FILE_NAME"": ""file_103.csv""}",2024-04-30T14:59:53.541+0530,GIV,2024-06-05T15:49:08.749+0530,,file_103.csv,
6307e2f6-f2a1-4015-a87d-8eb880310a94,4e69924e-bc3a-4335-b5bd-e28219894166,2024-04-30T16:44:19.143+0530,2000,STARTED,2024-04-30T16:44:19.152+0530,2024-06-05T15:49:08.749+0530,"{""FILE_NAME"": ""csvFile130.csv""}",2024-04-30T16:44:19.152+0530,GIV,2024-06-05T15:49:08.749+0530,,csvFile130.csv,
edebdde8-1490-4045-8e70-8835ede484ff,e0179ff1-5adc-4c0a-9a2a-a955a269c40e,2024-04-30T17:09:05.976+0530,2000,COMPLETED,2024-04-30T17:09:05.979+0530,2024-06-05T15:49:08.749+0530,"{""FILE_NAME"": ""csvFile131.csv""}",2024-04-30T17:09:05.979+0530,GIV,2024-06-05T15:49:08.749+0530,,csvFile131.csv,
703b42d5-8e2e-442c-8a10-a468294a5992,7ac58285-c846-424e-b753-c1319e945482,2024-04-30T17:27:30.530+0530,1516,STARTED,2024-04-30T17:27:30.531+0530,2024-06-05T15:49:08.749+0530,"{""FILE_NAME"": ""my_file.csv""}",2024-04-30T17:27:30.531+0530,GIV,2024-06-05T15:49:08.749+0530,,my_file.csv,
8b9f60b4-3c61-4a2a-bf10-5239f4e0d85e,0fe197df-b40e-4433-85cb-5a6d08e5be03,2024-04-30T17:27:49.523+0530,5656,STARTED,2024-04-30T17:27:49.524+0530,2024-06-05T15:49:08.749+0530,"{""FILE_NAME"": ""file1.csv""}",2024-04-30T17:27:49.524+0530,GIV,2024-06-05T15:49:08.749+0530,,file1.csv,
7fd39f64-1f07-4efd-a4b7-9df8f90813c9,24c015f0-0653-4817-81ba-8bd5e5953452,2024-04-30T17:28:42.673+0530,2000,COMPLETED,2024-04-30T17:28:42.675+0530,2024-06-05T15:49:08.749+0530,"{""FILE_NAME"": ""csvFileTest13.csv""}",2024-04-30T17:28:42.675+0530,GIV,2024-06-05T15:49:08.749+0530,,csvFileTest13.csv,
dbee07d8-3ede-4c7b-a0c5-5281161d5228,7ec48f4a-4920-4133-8036-1f2a793727b1,2024-04-30T17:39:25.467+0530,1516,COMPLETED,2024-04-30T17:39:25.472+0530,2024-06-05T15:49:08.749+0530,"{""FILE_NAME"": ""csvFileTest15.csv""}",2024-04-30T17:39:25.472+0530,GIV,2024-06-05T15:49:08.749+0530,,csvFileTest15.csv,
9dd340b1-d0af-4c35-a692-dd38a54a6554,8e7b6226-bd02-42af-94e0-84a13ac4a2e7,2024-04-30T17:42:03.065+0530,1516,COMPLETED,2024-04-30T17:42:03.069+0530,2024-06-05T15:49:08.749+0530,"{""FILE_NAME"": ""csvFileTest16.csv""}",2024-04-30T17:42:03.069+0530,GIV,2024-06-05T15:49:08.749+0530,,csvFileTest16.csv,
7174c498-6ec8-4cca-96ac-b9fc6df71fa1,710a9d2d-61b9-44eb-9cf1-e8992456b4b5,2024-04-30T17:48:33.689+0530,2000,STARTED,2024-04-30T17:48:33.699+0530,2024-06-05T15:49:08.749+0530,"{""FILE_NAME"": ""csvFileTest17.csv""}",2024-04-30T17:48:33.699+0530,GIV,2024-06-05T15:49:08.749+0530,,csvFileTest17.csv,
d3a22a3a-d7c5-48e2-99dc-9926e0c80198,7f2b397b-537a-4b93-a0d1-5b2841119cc1,2024-04-30T17:51:44.253+0530,2000,STARTED,2024-04-30T17:51:44.255+0530,2024-06-05T15:49:08.749+0530,"{""FILE_NAME"": ""csvFileTest18.csv""}",2024-04-30T17:51:44.255+0530,GIV,2024-06-05T15:49:08.749+0530,,csvFileTest18.csv,
9d8bd242-db55-4983-aae4-cc8a6927ed8d,00be6486-d9ab-4d71-975e-aba61fe81c81,2024-04-30T17:53:25.371+0530,2000,STARTED,2024-04-30T17:53:25.373+0530,2024-06-05T15:49:08.749+0530,"{""FILE_NAME"": ""csvFileTest19.csv""}",2024-04-30T17:53:25.373+0530,GIV,2024-06-05T15:49:08.749+0530,,csvFileTest19.csv,
1c84db93-3feb-4966-b654-d1f6cc7de6dc,c5cd8bbf-df71-412d-aa1e-0b0c2d61e2f4,2024-04-30T18:01:38.091+0530,2000,STARTED,2024-04-30T18:01:38.093+0530,2024-06-05T15:49:08.749+0530,"{""FILE_NAME"": ""csvFile136.csv""}",2024-04-30T18:01:38.093+0530,GIV,2024-06-05T15:49:08.749+0530,,csvFile136.csv,
d2671e56-69f8-4a4a-9e57-3fe06ef113bc,54ee409d-31b3-4250-913e-d45479154d63,2024-04-30T18:01:43.571+0530,2000,COMPLETED,2024-04-30T18:01:43.573+0530,2024-06-05T15:49:08.749+0530,"{""FILE_NAME"": ""csvFileTest99.csv""}",2024-04-30T18:01:43.573+0530,GIV,2024-06-05T15:49:08.749+0530,,csvFileTest99.csv,
870f1a64-33d2-46dd-a939-4b047661a7f3,39e4ef70-6a21-4394-a87e-786371ca6441,2024-04-30T18:25:59.347+0530,2000,COMPLETED,2024-04-30T18:25:59.349+0530,2024-06-05T15:49:08.749+0530,"{""FILE_NAME"": ""csvFile137.csv""}",2024-04-30T18:25:59.349+0530,GIV,2024-06-05T15:49:08.749+0530,,csvFile137.csv,
50ef64d3-0e18-4205-aa7d-3ec794ee43b2,59296a11-69c0-4095-84f8-e1cf1df4b4d8,2024-04-30T18:38:04.617+0530,2000,STARTED,2024-04-30T18:38:04.623+0530,2024-06-05T15:49:08.749+0530,"{""FILE_NAME"": ""file_name_5.csv""}",2024-04-30T18:38:04.623+0530,GIV,2024-06-05T15:49:08.749+0530,,file_name_5.csv,
6b477525-1285-453a-b5fa-7d7b776010fc,5734452c-5db0-40be-9154-9ee086a9e8fa,2024-04-30T18:39:24.076+0530,2000,STARTED,2024-04-30T18:39:24.078+0530,2024-06-05T15:49:08.749+0530,"{""FILE_NAME"": ""file_name_6.csv""}",2024-04-30T18:39:24.078+0530,GIV,2024-06-05T15:49:08.749+0530,,file_name_6.csv,
adbcce4a-fb40-439b-8aee-8765bd53d106,dd74f478-41f8-4a0d-96d1-ba896ef83e42,2024-04-30T18:50:07.476+0530,2000,STARTED,2024-04-30T18:50:07.481+0530,2024-06-05T15:49:08.749+0530,"{""FILE_NAME"": ""file_name_7.csv""}",2024-04-30T18:50:07.481+0530,GIV,2024-06-05T15:49:08.749+0530,,file_name_7.csv,
cc9b9a01-f417-4a87-aac1-efd4593e2627,a6d6e329-1f2a-4ff4-9065-ccf21c8a1171,2024-04-30T19:21:58.487+0530,2000,COMPLETED,2024-04-30T19:21:58.493+0530,2024-06-05T15:49:08.749+0530,"{""FILE_NAME"": ""csvFile139.csv""}",2024-04-30T19:21:58.493+0530,GIV,2024-06-05T15:49:08.749+0530,,csvFile139.csv,
432d0dcc-f4c2-4c62-956b-fdb94f8686be,8d952d2b-9bfb-45cc-aa0b-fa7532175128,2024-04-30T20:40:43.940+0530,2000,COMPLETED,2024-04-30T20:40:43.950+0530,2024-06-05T15:49:08.749+0530,"{""FILE_NAME"": ""csvFileTest30051.csv""}",2024-04-30T20:40:43.950+0530,GIV,2024-06-05T15:49:08.749+0530,,csvFileTest30051.csv,
033da193-02a6-4bc5-b5dc-1c87603e3b4a,c54c85eb-e685-4c2d-9fb3-69d79376289b,2024-05-02T10:49:31.203+0530,2030,COMPLETED,2024-05-02T10:49:31.324+0530,2024-06-05T15:49:08.749+0530,"{""FILE_NAME"": ""csvFileTest98.csv""}",2024-05-02T10:49:31.324+0530,GIV,2024-06-05T15:49:08.749+0530,,csvFileTest98.csv,
3591ba92-8e3e-436a-a3d3-c10b5e7e4c9e,c39a13f8-6b26-4795-8446-920259fb4d0f,2024-05-02T11:02:18.598+0530,2030,COMPLETED,2024-05-02T11:02:18.606+0530,2024-06-05T15:49:08.749+0530,"{""FILE_NAME"": ""csvFileTest97.csv""}",2024-05-02T11:02:18.606+0530,GIV,2024-06-05T15:49:08.749+0530,,csvFileTest97.csv,
0bd59b50-64fa-41db-a915-ad28353ad738,0b6dc446-3380-49b1-9bcb-549c5c5302ed,2024-05-02T11:05:18.954+0530,2030,COMPLETED,2024-05-02T11:05:18.958+0530,2024-06-05T15:49:08.749+0530,"{""FILE_NAME"": ""csvFileTest96.csv""}",2024-05-02T11:05:18.958+0530,GIV,2024-06-05T15:49:08.749+0530,,csvFileTest96.csv,
bbb01917-5982-48f1-b232-3556c2d7b110,6208d2cc-9a6b-4568-9ee3-d9042c9543ae,2024-05-02T11:16:46.094+0530,2030,COMPLETED,2024-05-02T11:16:46.098+0530,2024-06-05T15:49:08.749+0530,"{""FILE_NAME"": ""csvFileTest95.csv""}",2024-05-02T11:16:46.098+0530,GIV,2024-06-05T15:49:08.749+0530,,csvFileTest95.csv,
c281c6ca-7f25-4976-8d19-8fbffacd937a,dcd558c3-8995-4ec1-866f-543b29e46055,2024-05-02T11:21:40.248+0530,2030,COMPLETED,2024-05-02T11:21:40.253+0530,2024-06-05T15:49:08.749+0530,"{""FILE_NAME"": ""csvFileTest94.csv""}",2024-05-02T11:21:40.253+0530,GIV,2024-06-05T15:49:08.749+0530,,csvFileTest94.csv,
e7c488b7-5632-40a8-88ef-ead988e27ecc,171a31f6-25c4-43e7-abc1-f05a65d05019,2024-05-02T11:51:21.995+0530,2000,COMPLETED,2024-05-02T11:51:22.006+0530,2024-06-05T15:49:08.749+0530,"{""FILE_NAME"": ""csvFileTest89.csv""}",2024-05-02T11:51:22.006+0530,GIV,2024-06-05T15:49:08.749+0530,,csvFileTest89.csv,
a9808177-1656-4c4a-a060-c92b0b24724b,91c74474-b31c-4953-a06a-55e7fb9ad226,2024-05-02T12:01:20.430+0530,2000,COMPLETED,2024-05-02T12:01:20.437+0530,2024-06-05T15:49:08.749+0530,"{""FILE_NAME"": ""csvFileTest188.csv""}",2024-05-02T12:01:20.437+0530,GIV,2024-06-05T15:49:08.749+0530,,csvFileTest188.csv,
b1a67502-8a30-40bd-97be-657095683490,ff178724-69b2-40c0-b9b9-6e953e8abfdb,2024-05-02T12:59:54.678+0530,2000,COMPLETED,2024-05-02T12:59:54.699+0530,2024-06-05T15:49:08.749+0530,"{""FILE_NAME"": ""csvFileTest76.csv""}",2024-05-02T12:59:54.699+0530,GIV,2024-06-05T15:49:08.749+0530,,csvFileTest76.csv,
f396f4f8-7ead-4380-b634-8731303c222c,0c9e0af7-836e-4641-ad23-83cf5f54b8ea,2024-05-02T13:03:22.158+0530,2000,COMPLETED,2024-05-02T13:03:22.166+0530,2024-06-05T15:49:08.749+0530,"{""FILE_NAME"": ""csvFileTest77.csv""}",2024-05-02T13:03:22.166+0530,GIV,2024-06-05T15:49:08.749+0530,,csvFileTest77.csv,
95cc39da-4e56-4fb1-866e-c0d1831ba203,7f1e3675-bd5d-4167-aa93-56b468ef442e,2024-05-02T13:08:50.774+0530,2000,COMPLETED,2024-05-02T13:08:50.780+0530,2024-06-05T15:49:08.749+0530,"{""FILE_NAME"": ""csvFileTest78.csv""}",2024-05-02T13:08:50.780+0530,GIV,2024-06-05T15:49:08.749+0530,,csvFileTest78.csv,
abfbea18-99d0-4094-9704-ea94b43eac84,fdb60ac9-4824-401d-a17e-4341cf986342,2024-05-02T13:17:54.811+0530,2000,COMPLETED,2024-05-02T13:17:54.817+0530,2024-06-05T15:49:08.749+0530,"{""FILE_NAME"": ""csvFileTest75.csv""}",2024-05-02T13:17:54.817+0530,GIV,2024-06-05T15:49:08.749+0530,,csvFileTest75.csv,
69c74d4b-fbfc-4a34-83f3-8586f07d7953,0ce3dfa7-3aad-4980-bfd7-ffda066d2723,2024-05-02T13:50:32.617+0530,2000,FAILED,2024-05-02T13:50:32.625+0530,2024-06-05T15:49:08.749+0530,"{""FILE_NAME"": ""csvFileTest74.csv""}",2024-05-02T13:50:32.625+0530,GIV,2024-06-05T15:49:08.749+0530,,csvFileTest74.csv,
16ea6954-8357-4636-8262-4972bb43f900,3dffc62c-a32b-40a7-850b-865f2195f148,2024-05-02T14:51:36.453+0530,2000,COMPLETED,2024-05-02T14:51:36.462+0530,2024-06-05T15:49:08.749+0530,"{""FILE_NAME"": ""csvFile_test_lambda1.csv""}",2024-05-02T14:51:36.462+0530,GIV,2024-06-05T15:49:08.749+0530,,csvFile_test_lambda1.csv,
f4f92f50-814a-498d-9bb3-00cc635cc5df,de3fd52e-ba70-4348-8dee-d31ea4e8c896,2024-05-02T14:57:50.799+0530,2000,FAILED,2024-05-02T14:57:50.806+0530,2024-06-05T15:49:08.749+0530,"{""FILE_NAME"": ""csvFileTest73.csv""}",2024-05-02T14:57:50.806+0530,GIV,2024-06-05T15:49:08.749+0530,,csvFileTest73.csv,
bd1e2983-5ccf-42be-8c44-403c6b140198,50568614-b336-4e57-ac6f-96c778bccd95,2024-05-02T15:14:55.347+0530,2000,COMPLETED,2024-05-02T15:14:55.355+0530,2024-06-05T15:49:08.749+0530,"{""FILE_NAME"": ""csvFileTest72.csv""}",2024-05-02T15:14:55.355+0530,GIV,2024-06-05T15:49:08.749+0530,,csvFileTest72.csv,
69891ca4-4819-4940-bfaa-8ba7efabff75,7f2f7d4d-e872-43ba-a1ff-bd7c1f5b8def,2024-05-02T15:20:11.860+0530,2000,COMPLETED,2024-05-02T15:20:11.864+0530,2024-06-05T15:49:08.749+0530,"{""FILE_NAME"": ""csvFileTest71.csv""}",2024-05-02T15:20:11.864+0530,GIV,2024-06-05T15:49:08.749+0530,,csvFileTest71.csv,
d9e43a65-df39-415f-bfb8-7b6718776fb9,566335af-3daf-4f74-a964-5fd7e2651949,2024-05-02T15:46:02.165+0530,2000,COMPLETED,2024-05-02T15:46:02.169+0530,2024-06-05T15:49:08.749+0530,"{""FILE_NAME"": ""FullSyncNewInserts.csv""}",2024-05-02T15:46:02.169+0530,GIV,2024-06-05T15:49:08.749+0530,,FullSyncNewInserts.csv,
882a1bb9-4e34-45a5-8dac-1563b34cc542,a09cf08c-5403-4d66-b58e-6f6f40ecefb3,2024-05-02T15:54:55.214+0530,2000,COMPLETED,2024-05-02T15:54:55.218+0530,2024-06-05T15:49:08.749+0530,"{""FILE_NAME"": ""FullSyncNewInsertsIgnoreallExceptRow3.csv""}",2024-05-02T15:54:55.218+0530,GIV,2024-06-05T15:49:08.749+0530,,FullSyncNewInsertsIgnoreallExceptRow3.csv,
1b9a9229-cab3-4f24-a449-a91c2fe9f943,490be0a2-f7ec-4bf7-be81-67e712c82ccd,2024-05-02T16:00:56.849+0530,7777,COMPLETED,2024-05-02T16:00:56.856+0530,2024-06-05T15:49:08.749+0530,"{""FILE_NAME"": ""FFS.csv""}",2024-05-02T16:00:56.856+0530,GIV,2024-06-05T15:49:08.749+0530,,FFS.csv,
68d0956a-a763-4d0f-a7f5-f0a64961d068,a05b7423-85bf-4fdb-bfc7-9baa464c6439,2024-05-02T16:04:38.323+0530,2207,COMPLETED,2024-05-02T16:04:38.329+0530,2024-06-05T15:49:08.749+0530,"{""FILE_NAME"": ""FFSnew.csv""}",2024-05-02T16:04:38.329+0530,GIV,2024-06-05T15:49:08.749+0530,,FFSnew.csv,
55207b21-8cdd-42da-87f1-a103eb6fc527,427ea8ab-a941-4cd4-8425-3807cd3c4337,2024-05-02T16:06:03.273+0530,2207,COMPLETED,2024-05-02T16:06:03.277+0530,2024-06-05T15:49:08.749+0530,"{""FILE_NAME"": ""FFSnewupdate.csv""}",2024-05-02T16:06:03.277+0530,GIV,2024-06-05T15:49:08.749+0530,,FFSnewupdate.csv,
e83895be-5c91-4a11-bb6a-0c83bb913569,c8d2eb4e-243a-48f0-bd59-997fbc4d1223,2024-05-02T17:15:22.343+0530,2207,STARTED,2024-05-02T17:15:22.347+0530,2024-06-05T15:49:08.749+0530,"{""FILE_NAME"": ""FFSnewupdate2.csv""}",2024-05-02T17:15:22.347+0530,GIV,2024-06-05T15:49:08.749+0530,,FFSnewupdate2.csv,
e9036428-ddc5-4cc0-a9a3-e3ebb5a0a863,57f1d2cd-4be2-416c-afb6-8061e12f7c27,2024-05-02T17:40:52.067+0530,2000,STARTED,2024-05-02T17:40:52.069+0530,2024-06-05T15:49:08.749+0530,"{""FILE_NAME"": ""csvFile_test_lambda2.csv""}",2024-05-02T17:40:52.069+0530,GIV,2024-06-05T15:49:08.749+0530,,csvFile_test_lambda2.csv,
a0446eae-9c7f-4faa-a0c5-bee30c449f9a,98294d5c-de1c-437d-b982-76e1aef0c5cd,2024-05-02T17:51:33.128+0530,2000,COMPLETED,2024-05-02T17:51:33.132+0530,2024-06-05T15:49:08.749+0530,"{""FILE_NAME"": ""csvFile_test_lambda3.csv""}",2024-05-02T17:51:33.132+0530,GIV,2024-06-05T15:49:08.749+0530,,csvFile_test_lambda3.csv,
406d4943-b23c-4727-9683-c7516a49d004,74006d54-0371-4f72-8f89-9330b4388bb4,2024-05-02T18:09:23.884+0530,2000,COMPLETED,2024-05-02T18:09:23.886+0530,2024-06-05T15:49:08.749+0530,"{""FILE_NAME"": ""csvFile_test_lambda4.csv""}",2024-05-02T18:09:23.886+0530,GIV,2024-06-05T15:49:08.749+0530,,csvFile_test_lambda4.csv,
38293257-f205-4463-a353-e2aff645bd0c,51f15c7c-ac94-4a5d-9cf0-530db2d48413,2024-05-02T19:20:39.277+0530,2000,COMPLETED,2024-05-02T19:20:39.282+0530,2024-06-05T15:49:08.749+0530,"{""FILE_NAME"": ""csvFile_test_lambda5.csv""}",2024-05-02T19:20:39.282+0530,GIV,2024-06-05T15:49:08.749+0530,,csvFile_test_lambda5.csv,
6182e7a3-52b4-40ab-a6b3-4393869dff5c,2b48adec-dd40-4b59-8f93-8ce00f16fd69,2024-05-02T19:57:21.994+0530,2000,COMPLETED,2024-05-02T19:57:21.999+0530,2024-06-05T15:49:08.749+0530,"{""FILE_NAME"": ""csvFile1490.csv""}",2024-05-02T19:57:21.999+0530,GIV,2024-06-05T15:49:08.749+0530,,csvFile1490.csv,
256be479-7a61-4a1c-b1d9-bc692410c433,af27e3e2-c40b-4347-8b19-f24c317a101c,2024-05-02T20:04:36.074+0530,2000,COMPLETED,2024-05-02T20:04:36.078+0530,2024-06-05T15:49:08.749+0530,"{""FILE_NAME"": ""csvFile1491.csv""}",2024-05-02T20:04:36.078+0530,GIV,2024-06-05T15:49:08.749+0530,,csvFile1491.csv,
03bcc88d-056c-4757-8978-b9cf177b7862,8d93a2b1-9ddc-4e39-b902-c500515b63a9,2024-05-02T20:12:04.053+0530,2000,COMPLETED,2024-05-02T20:12:04.057+0530,2024-06-05T15:49:08.749+0530,"{""FILE_NAME"": ""csvFile1495.csv""}",2024-05-02T20:12:04.057+0530,GIV,2024-06-05T15:49:08.749+0530,,csvFile1495.csv,
639f706b-d448-4be5-93a5-284cd551f2b7,8142d306-4b83-4c6d-9b4c-d8f4ec2e09a4,2024-05-02T20:18:20.921+0530,2000,COMPLETED,2024-05-02T20:18:20.924+0530,2024-06-05T15:49:08.749+0530,"{""FILE_NAME"": ""csvFile1497.csv""}",2024-05-02T20:18:20.924+0530,GIV,2024-06-05T15:49:08.749+0530,,csvFile1497.csv,
68b077d7-1dbc-404f-b5fc-c438fdafc5f6,63dc2816-9856-45ec-af89-36013d363754,2024-05-02T20:21:12.296+0530,2000,COMPLETED,2024-05-02T20:21:12.298+0530,2024-06-05T15:49:08.749+0530,"{""FILE_NAME"": ""csvFile1499.csv""}",2024-05-02T20:21:12.298+0530,GIV,2024-06-05T15:49:08.749+0530,,csvFile1499.csv,
be2d986e-ac7b-4492-ae00-bba611b0c9c4,e54c380e-8d0f-45a6-91fd-a6cd2308d868,2024-05-02T20:44:24.221+0530,2207,COMPLETED,2024-05-02T20:44:24.250+0530,2024-06-05T15:49:08.749+0530,"{""FILE_NAME"": ""FFSnewupdate4.csv""}",2024-05-02T20:44:24.250+0530,GIV,2024-06-05T15:49:08.749+0530,,FFSnewupdate4.csv,
7ca3cc1c-3d2b-4908-a01e-c77e406b0421,637c259c-e1d5-47a9-9460-3d6a1d4d03bc,2024-05-03T12:25:28.049+0530,2207,COMPLETED,2024-05-03T12:25:28.169+0530,2024-06-05T15:49:08.749+0530,"{""FILE_NAME"": ""FFSnewupdate5.csv""}",2024-05-03T12:25:28.169+0530,GIV,2024-06-05T15:49:08.749+0530,,FFSnewupdate5.csv,
716f906e-6564-494c-ad6b-203a6da0c779,b43d3f42-4d91-4c96-82ed-e920e4252d2c,2024-05-03T12:51:07.410+0530,1507,COMPLETED,2024-05-03T12:51:07.414+0530,2024-06-05T15:49:08.749+0530,"{""FILE_NAME"": ""FullSyncNewInserts.csv""}",2024-05-03T12:51:07.414+0530,GIV,2024-06-05T15:49:08.749+0530,,FullSyncNewInserts.csv,
ed534ae4-1490-43a3-9e2c-61eab5e6bc0e,6bd26440-1885-4929-a118-e2a2c451a203,2024-05-03T12:58:25.713+0530,1507,COMPLETED,2024-05-03T12:58:25.716+0530,2024-06-05T15:49:08.749+0530,"{""FILE_NAME"": ""FFSnewupdate6.csv""}",2024-05-03T12:58:25.716+0530,GIV,2024-06-05T15:49:08.749+0530,,FFSnewupdate6.csv,
168d7b6d-3a2c-4037-ab27-80b976954a38,23d3c30f-b080-41dc-887d-4a5a2569a94f,2024-05-03T13:16:52.860+0530,1507,COMPLETED,2024-05-03T13:16:52.864+0530,2024-06-05T15:49:08.749+0530,"{""FILE_NAME"": ""FFSnewupdate7.csv""}",2024-05-03T13:16:52.864+0530,GIV,2024-06-05T15:49:08.749+0530,,FFSnewupdate7.csv,
227a50e3-3db9-4dfe-83bc-34a7f6c6ef41,cccd9eb2-694b-4cbe-ab07-63402e08b889,2024-05-03T13:20:21.179+0530,1507,COMPLETED,2024-05-03T13:20:21.182+0530,2024-06-05T15:49:08.749+0530,"{""FILE_NAME"": ""FFSnewupdate8.csv""}",2024-05-03T13:20:21.183+0530,GIV,2024-06-05T15:49:08.749+0530,,FFSnewupdate8.csv,
0f801460-3ffc-444c-83d3-c80b266b3639,e7d49293-e6da-427e-8911-859a55c0d503,2024-05-03T13:22:23.043+0530,1507,COMPLETED,2024-05-03T13:22:23.047+0530,2024-06-05T15:49:08.749+0530,"{""FILE_NAME"": ""FFSnewupdate9.csv""}",2024-05-03T13:22:23.047+0530,GIV,2024-06-05T15:49:08.749+0530,,FFSnewupdate9.csv,
f8db1308-5204-41aa-9f92-2e36b57461d5,51ed5111-6d2e-47a8-a7f8-86eb089c9c96,2024-05-03T15:12:31.404+0530,1507,COMPLETED,2024-05-03T15:12:31.409+0530,2024-06-05T15:49:08.749+0530,"{""FILE_NAME"": ""FFSnewupdate90.csv""}",2024-05-03T15:12:31.409+0530,GIV,2024-06-05T15:49:08.749+0530,,FFSnewupdate90.csv,
34e18eb3-09d5-42a0-a7a0-72c9ada01282,041879bc-7dad-44b4-a7c8-2f6823839412,2024-05-06T12:32:05.899+0530,2000,COMPLETED,2024-05-06T12:32:05.963+0530,2024-06-05T15:49:08.749+0530,"{""FILE_NAME"": ""csvFile_test_lambda_test_1.csv""}",2024-05-06T12:32:05.963+0530,GIV,2024-06-05T15:49:08.749+0530,,csvFile_test_lambda_test_1.csv,
ea878009-de7f-4886-8475-4a1378a58d03,a979a755-a7ef-4ff8-9ed6-35249b8fd750,2024-05-06T12:57:26.343+0530,2000,FAILED,2024-05-06T12:57:26.347+0530,2024-06-05T15:49:08.749+0530,"{""FILE_NAME"": ""csvFile_test_lambda_validation_error.csv""}",2024-05-06T12:57:26.347+0530,GIV,2024-06-05T15:49:08.749+0530,,csvFile_test_lambda_validation_error.csv,
2050eeb0-ccd9-4d80-bc7d-efa13e4aae25,9da2edeb-63e5-4a2e-aab7-13c09c9d3ef7,2024-05-06T13:23:49.526+0530,2000,FAILED,2024-05-06T13:23:49.529+0530,2024-06-05T15:49:08.749+0530,"{""FILE_NAME"": ""csvFile_test_lambda_validation_error1.csv""}",2024-05-06T13:23:49.529+0530,GIV,2024-06-05T15:49:08.749+0530,,csvFile_test_lambda_validation_error1.csv,
3c5d8502-b874-40cc-b430-5085ba9d9a62,ec9ccbf6-8f07-462f-86e1-a8800f124cb2,2024-05-06T13:46:40.537+0530,2000,FAILED,2024-05-06T13:46:40.541+0530,2024-06-05T15:49:08.749+0530,"{""FILE_NAME"": ""csvFile_test_lambda_validation_error2.csv""}",2024-05-06T13:46:40.541+0530,GIV,2024-06-05T15:49:08.749+0530,,csvFile_test_lambda_validation_error2.csv,
4e79ac14-3a95-4cb5-8be9-1811c84cf4e5,2ebddfc2-537f-49bc-bb6c-d439a222f24a,2024-05-06T13:47:02.475+0530,2000,FAILED,2024-05-06T13:47:02.478+0530,2024-06-05T15:49:08.749+0530,"{""FILE_NAME"": ""csvFile_test_lambda_validation_error2.csv""}",2024-05-06T13:47:02.478+0530,GIV,2024-06-05T15:49:08.749+0530,,csvFile_test_lambda_validation_error2.csv,
64c089fd-c521-4f37-b9d1-38c02c30f11b,ec138e9f-7a2a-4114-87bb-a46055066c5b,2024-05-06T13:47:32.553+0530,2000,FAILED,2024-05-06T13:47:32.556+0530,2024-06-05T15:49:08.749+0530,"{""FILE_NAME"": ""csvFile_test_lambda_validation_error2.csv""}",2024-05-06T13:47:32.556+0530,GIV,2024-06-05T15:49:08.749+0530,,csvFile_test_lambda_validation_error2.csv,
a03dcf2f-12ab-4374-9e8f-90dae0a87022,25dafa1d-74ee-4c19-ae4d-1ce27119c8ba,2024-05-06T13:48:02.496+0530,2000,FAILED,2024-05-06T13:48:02.498+0530,2024-06-05T15:49:08.749+0530,"{""FILE_NAME"": ""csvFile_test_lambda_validation_error2.csv""}",2024-05-06T13:48:02.498+0530,GIV,2024-06-05T15:49:08.749+0530,,csvFile_test_lambda_validation_error2.csv,
1cd540f3-ed9d-46c1-b2e9-7501476f59e7,9aae5572-58a1-4a1c-af76-91da94db9e6e,2024-05-06T13:48:32.516+0530,2000,FAILED,2024-05-06T13:48:32.518+0530,2024-06-05T15:49:08.749+0530,"{""FILE_NAME"": ""csvFile_test_lambda_validation_error2.csv""}",2024-05-06T13:48:32.518+0530,GIV,2024-06-05T15:49:08.749+0530,,csvFile_test_lambda_validation_error2.csv,
29ebf9fb-b444-42ce-8a7d-3c7307a6e236,f6763667-ea96-46af-98e3-90cf42fdd759,2024-05-06T15:25:47.533+0530,2000,STARTED,2024-05-06T15:25:47.538+0530,2024-06-05T15:49:08.749+0530,"{""FILE_NAME"": ""file_name_112.csv""}",2024-05-06T15:25:47.538+0530,GIV,2024-06-05T15:49:08.749+0530,,file_name_112.csv,
607912f5-8715-4c3d-8401-671ccb77f33a,84f95086-7678-4631-9d23-bddc2bba1be8,2024-05-06T16:05:01.749+0530,2000,STARTED,2024-05-06T16:05:01.754+0530,2024-06-05T15:49:08.749+0530,"{""FILE_NAME"": ""csvFile_test_lambda_validation_error3.csv""}",2024-05-06T16:05:01.754+0530,GIV,2024-06-05T15:49:08.749+0530,,csvFile_test_lambda_validation_error3.csv,
9a6c4511-4ec3-425e-8be1-e0d863dc56e9,0f31d432-11d3-4bdd-91ba-150c9207d830,2024-05-06T16:20:15.281+0530,2001,COMPLETED,2024-05-06T16:20:15.285+0530,2024-06-05T15:49:08.749+0530,"{""FILE_NAME"": ""error_with_node_code_2001.csv""}",2024-05-06T16:20:15.285+0530,GIV,2024-06-05T15:49:08.749+0530,,error_with_node_code_2001.csv,
f926d540-91db-469a-80a8-d68aec1c0667,a8e98786-372a-46c9-80a1-d807fd862c4f,2024-05-07T11:26:25.354+0530,2001,STARTED,2024-05-07T11:26:25.413+0530,2024-06-05T15:49:08.749+0530,"{""FILE_NAME"": ""error_with_node_code_2001_1.csv""}",2024-05-07T11:26:25.413+0530,GIV,2024-06-05T15:49:08.749+0530,,error_with_node_code_2001_1.csv,
ce729d60-9ca3-4cb3-94bd-1f0475b49dc7,1364da71-e7df-46df-94ad-e48876d088be,2024-05-07T11:30:51.082+0530,2002,STARTED,2024-05-07T11:30:51.087+0530,2024-06-05T15:49:08.749+0530,"{""FILE_NAME"": ""error_with_node_code_2002.csv""}",2024-05-07T11:30:51.087+0530,GIV,2024-06-05T15:49:08.749+0530,,error_with_node_code_2002.csv,
621b4dc1-d642-4dc3-9d78-6e8997f24a50,80b552ad-bb14-4e2b-bfec-4b0bc793d873,2024-05-07T11:37:15.682+0530,2004,STARTED,2024-05-07T11:37:15.685+0530,2024-06-05T15:49:08.749+0530,"{""FILE_NAME"": ""error_with_node_code_2004.csv""}",2024-05-07T11:37:15.685+0530,GIV,2024-06-05T15:49:08.749+0530,,error_with_node_code_2004.csv,
98abf0dc-53b7-4785-b4e9-d2c91c7b5fff,b818b3f3-858a-43d4-9511-c6a4620a2282,2024-05-07T13:51:03.240+0530,2000,STARTED,2024-05-07T13:51:03.246+0530,2024-06-05T15:49:08.749+0530,"{""FILE_NAME"": ""insert_fullsync4.csv""}",2024-05-07T13:51:03.246+0530,GIV,2024-06-05T15:49:08.749+0530,,insert_fullsync4.csv,
75dbc9c6-d8e9-4e52-ab85-70f8ebd8ae10,800b8c4e-5dc5-4a1f-88a8-dd92e45fa6d6,2024-05-07T17:32:23.455+0530,2000123,STARTED,2024-05-07T17:32:23.459+0530,2024-06-05T15:49:08.749+0530,"{""FILE_NAME"": ""file_name_112.csv""}",2024-05-07T17:32:23.459+0530,GIV,2024-06-05T15:49:08.749+0530,,file_name_112.csv,
2f338a76-7303-4d8b-b640-2a2b212b2bcd,0439963e-999e-45e2-839a-a43c5dedf03d,2024-05-07T17:33:45.548+0530,3006,FAILED,2024-05-07T17:33:45.551+0530,2024-05-07T17:33:45.551+0530,"{""FILE_NAME"": ""file_name_112.csv""}",2024-05-07T17:33:45.551+0530,GIV,2024-06-05T15:49:08.749+0530,,file_name_112.csv,Node code not found
1459c527-99d9-407e-ad99-688e3831373e,65bae01c-f843-4687-98ed-20941fca1e8c,2024-05-07T17:34:06.438+0530,3006,FAILED,2024-05-07T17:34:06.440+0530,2024-05-07T17:34:06.440+0530,"{""FILE_NAME"": ""file_name_112.csv""}",2024-05-07T17:34:06.440+0530,GIV,2024-06-05T15:49:08.749+0530,,file_name_112.csv,Node code not found
f53a4c16-3a49-4136-aae0-73f0eabe840f,b3a496ea-dc7c-434e-bfa4-c7bd16002fd4,2024-05-07T17:34:09.047+0530,3006,FAILED,2024-05-07T17:34:09.050+0530,2024-05-07T17:34:09.050+0530,"{""FILE_NAME"": ""file_name_112.csv""}",2024-05-07T17:34:09.050+0530,GIV,2024-06-05T15:49:08.749+0530,,file_name_112.csv,Node code not found
353c8adb-f762-4420-ada8-551db909c225,68e00f36-14cf-4f05-bbc1-4ca0fe923057,2024-05-07T17:34:10.487+0530,3006,FAILED,2024-05-07T17:34:10.492+0530,2024-05-07T17:34:10.492+0530,"{""FILE_NAME"": ""file_name_112.csv""}",2024-05-07T17:34:10.492+0530,GIV,2024-06-05T15:49:08.749+0530,,file_name_112.csv,Node code not found
eed9e14a-6355-4bf4-9256-72363b3e76cb,dc814b53-840f-4c84-9792-0093f1468457,2024-05-08T11:57:02.037+0530,demo3,COMPLETED,2024-05-08T11:57:02.088+0530,2024-05-08T11:57:03.405+0530,"{""FILE_NAME"": ""csvFileDemo3.csv""}",2024-05-08T11:57:02.088+0530,GIV,2024-06-05T15:49:08.749+0530,,csvFileDemo3.csv,
27a8a6bf-747b-4602-9a25-6e7ebae67e7c,a6561ce2-7806-4f8c-8139-3a4112126f7d,2024-05-08T13:25:35.402+0530,2000,COMPLETED,2024-05-08T13:25:35.454+0530,2024-05-08T13:25:36.412+0530,"{""FILE_NAME"": ""csvFile12_test.csv""}",2024-05-08T13:25:35.454+0530,GIV,2024-06-05T15:49:08.749+0530,,csvFile12_test.csv,
368b2d67-4ae8-45e5-b603-b82462f7ccf9,72d5ad68-6c0a-4a23-9b9e-6a52a3211018,2024-05-07T11:35:59.191+0530,2003,COMPLETED,2024-05-07T11:35:59.195+0530,2024-05-08T13:33:42.754+0530,"{""FILE_NAME"": ""error_with_node_code_2003.csv""}",2024-05-07T11:35:59.195+0530,GIV,2024-06-05T15:49:08.749+0530,,error_with_node_code_2003.csv,
dc31fbf9-452e-4040-8b58-262e4c009538,3d83b213-e13f-4383-b885-c63a25aca61a,2024-05-08T13:34:48.675+0530,2002,COMPLETED,2024-05-08T13:34:48.678+0530,2024-05-08T13:34:48.876+0530,"{""FILE_NAME"": ""error_with_node_code_20.csv""}",2024-05-08T13:34:48.678+0530,GIV,2024-06-05T15:49:08.749+0530,,error_with_node_code_20.csv,
724a182d-fa51-4176-9d9c-3776e31b6fe8,97ce11bc-c842-47f5-b34d-a944a48e69dc,2024-05-08T15:09:40.077+0530,2002,COMPLETED,2024-05-08T15:09:40.084+0530,2024-05-08T15:09:40.995+0530,"{""FILE_NAME"": ""error_with_node_code_201.csv""}",2024-05-08T15:09:40.084+0530,GIV,2024-06-05T15:49:08.749+0530,,error_with_node_code_201.csv,
3c58f489-4128-44ba-a174-c54e9c2ff7d0,79d7b5ad-ae25-4172-9d58-2861c9a48c0c,2024-05-08T15:11:32.532+0530,2000,COMPLETED,2024-05-08T15:11:32.535+0530,2024-05-08T15:11:32.731+0530,"{""FILE_NAME"": ""csvFile1234.csv""}",2024-05-08T15:11:32.535+0530,GIV,2024-06-05T15:49:08.749+0530,,csvFile1234.csv,
235cd846-52f7-449b-9928-438c32ead875,02caac92-9cc2-4eed-82c7-742f753d7d82,2024-05-08T15:14:00.132+0530,2000,COMPLETED,2024-05-08T15:14:00.135+0530,2024-05-08T15:14:00.313+0530,"{""FILE_NAME"": ""node_full_sync_sample.csv""}",2024-05-08T15:14:00.135+0530,GIV,2024-06-05T15:49:08.749+0530,,node_full_sync_sample.csv,
75bb9189-1c62-4d0c-a983-9b8acb93e3a9,dbc7e687-5695-4d59-a67a-e9fd6c3a9400,2024-05-08T15:17:49.714+0530,2004,FAILED,2024-05-08T15:17:49.717+0530,2024-05-08T15:17:49.894+0530,"{""FILE_NAME"": ""error_with_value_ATS.csv""}",2024-05-08T15:17:49.717+0530,GIV,2024-06-05T15:49:08.749+0530,,error_with_value_ATS.csv,
346582b3-ce5a-4fbd-b76e-3b6dbf052483,ec345708-5000-456f-b1db-16ffe1f67152,2024-05-08T15:18:19.694+0530,2004,FAILED,2024-05-08T15:18:19.697+0530,2024-05-08T15:18:19.891+0530,"{""FILE_NAME"": ""error_with_value_ATS.csv""}",2024-05-08T15:18:19.697+0530,GIV,2024-06-05T15:49:08.749+0530,,error_with_value_ATS.csv,
5c72213f-d39c-497c-ba10-d849a7074138,40dc3bf3-8093-4b34-9a9a-ea942959c938,2024-05-08T15:18:49.692+0530,2004,FAILED,2024-05-08T15:18:49.695+0530,2024-05-08T15:18:49.994+0530,"{""FILE_NAME"": ""error_with_value_ATS.csv""}",2024-05-08T15:18:49.695+0530,GIV,2024-06-05T15:49:08.749+0530,,error_with_value_ATS.csv,
e135fc92-4ae0-4043-abc2-18463e1fafeb,1691abce-fb4d-449d-bdbb-fbae71a1c94e,2024-05-08T15:19:19.692+0530,2004,FAILED,2024-05-08T15:19:19.694+0530,2024-05-08T15:19:19.873+0530,"{""FILE_NAME"": ""error_with_value_ATS.csv""}",2024-05-08T15:19:19.694+0530,GIV,2024-06-05T15:49:08.749+0530,,error_with_value_ATS.csv,
a61a8a49-77f9-4d31-86e8-c2662235807f,b42e83a3-94d3-4ed6-a966-596103182e82,2024-05-08T15:19:49.693+0530,2004,FAILED,2024-05-08T15:19:49.695+0530,2024-05-08T15:19:49.873+0530,"{""FILE_NAME"": ""error_with_value_ATS.csv""}",2024-05-08T15:19:49.695+0530,GIV,2024-06-05T15:49:08.749+0530,,error_with_value_ATS.csv,
b356fb90-d1cd-476e-a653-a9581908676f,aa513003-dfb8-4f71-b717-2e55854a2e2d,2024-05-08T15:37:26.102+0530,2004,FAILED,2024-05-08T15:37:26.153+0530,2024-05-08T15:37:27.121+0530,"{""FILE_NAME"": ""error_with_value_ATS1.csv""}",2024-05-08T15:37:26.153+0530,GIV,2024-06-05T15:49:08.749+0530,,error_with_value_ATS1.csv,
86e0e588-cd96-424b-959a-4f4918dc75a9,6caee03b-70af-4355-aa47-491905d666de,2024-05-08T16:13:54.372+0530,de,COMPLETED,2024-05-08T16:13:54.376+0530,2024-05-08T16:13:55.595+0530,"{""FILE_NAME"": ""demo_check_file.csv""}",2024-05-08T16:13:54.376+0530,GIV,2024-06-05T15:49:08.749+0530,,demo_check_file.csv,
6f273edf-e38f-42da-84a2-1cc222913a40,de422238-43e0-4523-a79a-e34d435d736a,2024-05-08T16:24:22.843+0530,dem,COMPLETED,2024-05-08T16:24:22.847+0530,2024-05-08T16:24:23.943+0530,"{""FILE_NAME"": ""demo_check_file1.csv""}",2024-05-08T16:24:22.847+0530,GIV,2024-06-05T15:49:08.749+0530,,demo_check_file1.csv,
be52c5ad-fbde-4d9a-b394-9b2324282d67,021363af-dbd8-49c5-b640-76efe5cf5734,2024-05-10T08:24:43.552+0530,2004,STARTED,2024-05-10T08:24:43.599+0530,2024-06-05T15:49:08.749+0530,"{""FILE_NAME"": ""error_with_value_ATS2.csv""}",2024-05-10T08:24:43.599+0530,GIV,2024-06-05T15:49:08.749+0530,,error_with_value_ATS2.csv,
134eef80-e188-4be5-823a-eaeb2f3f5fba,6426ec27-4b06-4907-a2d1-34dc0c3d47d0,2024-05-10T08:26:36.418+0530,2004,STARTED,2024-05-10T08:26:36.424+0530,2024-06-05T15:49:08.749+0530,"{""FILE_NAME"": ""error_with_value_ATS3.csv""}",2024-05-10T08:26:36.424+0530,GIV,2024-06-05T15:49:08.749+0530,,error_with_value_ATS3.csv,
0e08df57-9b91-4c43-92b2-c341189c40ef,c5e5e3d2-43b8-4bfd-b0d1-f93480524337,2024-05-10T10:05:00.300+0530,2004,STARTED,2024-05-10T10:05:00.307+0530,2024-06-05T15:49:08.749+0530,"{""FILE_NAME"": ""error_with_value_ATS4.csv""}",2024-05-10T10:05:00.307+0530,GIV,2024-06-05T15:49:08.749+0530,,error_with_value_ATS4.csv,
439ff220-c8fe-48c9-ac1e-edc4c106cb20,a0c3ed2a-3070-4246-bf19-504c262eaba1,2024-05-10T10:16:32.910+0530,2004,STARTED,2024-05-10T10:16:32.915+0530,2024-06-05T15:49:08.749+0530,"{""FILE_NAME"": ""error_with_value_ATS5.csv""}",2024-05-10T10:16:32.915+0530,GIV,2024-06-05T15:49:08.749+0530,,error_with_value_ATS5.csv,
fe4f3d31-a354-4426-bb01-2154e22fd578,28ee016b-5e69-424c-bf18-deaddc17dc66,2024-05-10T10:24:04.316+0530,2004,FAILED,2024-05-10T10:24:04.323+0530,2024-05-10T10:24:05.240+0530,"{""FILE_NAME"": ""error_with_value_ATS6.csv""}",2024-05-10T10:24:04.323+0530,GIV,2024-06-05T15:49:08.749+0530,,error_with_value_ATS6.csv,"full sync failed with error ErrorInfo[errorCode=500, errorMessage=BAD_REQUEST, retryable=false]"
641576fd-c85b-44e1-9f67-347856036ef9,39740f66-25fb-4d49-8cb5-28544c5c5dd9,2024-05-13T13:48:51.514+0530,1234,STARTED,2024-05-13T13:48:51.517+0530,2024-06-05T15:49:08.749+0530,"{""FILE_NAME"": ""single_insert.csv""}",2024-05-13T13:48:51.517+0530,GIV,2024-06-05T15:49:08.749+0530,,single_insert.csv,
4804b1e0-5b31-4d6d-ba62-a4bb71fe17ea,608605a6-24c8-4929-9676-271945795d7c,2024-05-13T13:49:50.876+0530,1234,STARTED,2024-05-13T13:49:50.879+0530,2024-06-05T15:49:08.749+0530,"{""FILE_NAME"": ""single_insert1.csv""}",2024-05-13T13:49:50.879+0530,GIV,2024-06-05T15:49:08.749+0530,,single_insert1.csv,
dbcbe4a4-ee5e-46b8-aaad-7db41af9f41a,3741cd5c-e298-40c7-8fed-03598366de85,2024-05-13T23:10:36.589+0530,1743,COMPLETED,2024-05-13T23:10:36.593+0530,2024-05-13T23:10:37.528+0530,"{""FILE_NAME"": ""bugfix_test.csv""}",2024-05-13T23:10:36.593+0530,GIV,2024-06-05T15:49:08.749+0530,,bugfix_test.csv,
71a86f61-e244-4fb7-a2bc-dc486bd2c5be,96e5a772-d8c4-46e5-9431-6455a244a44c,2024-05-14T11:16:09.786+0530,1234,COMPLETED,2024-05-14T11:16:09.789+0530,2024-05-14T11:16:10.651+0530,"{""FILE_NAME"": ""single_insert2.csv""}",2024-05-14T11:16:09.789+0530,GIV,2024-06-05T15:49:08.749+0530,,single_insert2.csv,
c54d474c-7aac-409c-8733-d1f13f6e8b3d,6794272f-4f27-4a0c-8995-3e351df2ce2e,2024-05-14T11:18:53.575+0530,1234,COMPLETED,2024-05-14T11:18:53.577+0530,2024-05-14T11:18:54.449+0530,"{""FILE_NAME"": ""single_insert3.csv""}",2024-05-14T11:18:53.577+0530,GIV,2024-06-05T15:49:08.749+0530,,single_insert3.csv,
66d5dbea-922b-492d-8de8-d907cd243bc2,1d3ee2f7-6093-4f29-b2bb-d1f30b9da0b1,2024-05-14T11:20:31.106+0530,1234,COMPLETED,2024-05-14T11:20:31.108+0530,2024-05-14T11:20:31.974+0530,"{""FILE_NAME"": ""single_insert4.csv""}",2024-05-14T11:20:31.108+0530,GIV,2024-06-05T15:49:08.749+0530,,single_insert4.csv,
fab5d648-99dc-4a20-90a3-d0bd0d859b28,24aba370-5f24-4b01-b8ef-4c1e680bae77,2024-05-14T11:22:22.181+0530,1234,COMPLETED,2024-05-14T11:22:22.183+0530,2024-05-14T11:22:23.062+0530,"{""FILE_NAME"": ""single_insert5.csv""}",2024-05-14T11:22:22.183+0530,GIV,2024-06-05T15:49:08.749+0530,,single_insert5.csv,
c5b3802b-ec8a-4398-b916-c3182a3fa013,fbfd99d8-72fd-41df-a8c0-290912ac43cf,2024-05-14T11:24:57.748+0530,1234,COMPLETED,2024-05-14T11:24:57.759+0530,2024-05-14T11:24:58.580+0530,"{""FILE_NAME"": ""single_insert6.csv""}",2024-05-14T11:24:57.759+0530,GIV,2024-06-05T15:49:08.749+0530,,single_insert6.csv,
04cf0673-0ca3-484b-9149-5d5956255db9,fc26b00f-751b-47bd-9034-be5f7f7eab61,2024-05-14T15:06:31.545+0530,4321,COMPLETED,2024-05-14T15:06:31.549+0530,2024-05-14T15:07:02.192+0530,"{""FILE_NAME"": ""single_insert7.csv""}",2024-05-14T15:06:31.549+0530,GIV,2024-06-05T15:49:08.749+0530,,single_insert7.csv,
ec0da690-6b1a-4e63-b317-21d22b7113fe,09b315fa-07d1-4b25-9a1d-fea82402c2fe,2024-05-14T15:13:52.552+0530,4321,COMPLETED,2024-05-14T15:13:52.554+0530,2024-05-14T15:13:53.712+0530,"{""FILE_NAME"": ""single_insert8.csv""}",2024-05-14T15:13:52.554+0530,GIV,2024-06-05T15:49:08.749+0530,,single_insert8.csv,
d7ae644c-3833-4239-85ea-1682eb55b566,309870c6-4111-417e-a677-63c134f543c9,2024-05-14T15:32:13.718+0530,9909,COMPLETED,2024-05-14T15:32:13.723+0530,2024-05-14T15:32:14.024+0530,"{""FILE_NAME"": ""FULL_SYNC46.csv""}",2024-05-14T15:32:13.723+0530,GIV,2024-06-05T15:49:08.749+0530,,FULL_SYNC46.csv,
d6073dab-033f-40e3-80ee-334e5dc3bc26,b8543eeb-c363-4b71-ac9e-60a319e40094,2024-05-14T15:37:09.210+0530,9909,COMPLETED,2024-05-14T15:37:09.212+0530,2024-05-14T15:37:10.047+0530,"{""FILE_NAME"": ""FULL_SYNC87.csv""}",2024-05-14T15:37:09.212+0530,GIV,2024-06-05T15:49:08.749+0530,,FULL_SYNC87.csv,
4c94eda0-b4ed-4762-b12f-d1eab843347d,e60e63ae-cf69-4a33-a99c-10d88ea20257,2024-05-14T15:47:05.776+0530,9909,COMPLETED,2024-05-14T15:47:05.781+0530,2024-05-14T15:47:06.866+0530,"{""FILE_NAME"": ""FULL_SYNC12.csv""}",2024-05-14T15:47:05.781+0530,GIV,2024-06-05T15:49:08.749+0530,,FULL_SYNC12.csv,
a119da75-1da2-4c3e-9386-cc631b87b6a7,87998d14-75ac-4ce5-83ab-a43559bafd12,2024-05-14T15:55:43.356+0530,4321,COMPLETED,2024-05-14T15:55:43.359+0530,2024-05-14T15:55:43.994+0530,"{""FILE_NAME"": ""FULL_SYNC90.csv""}",2024-05-14T15:55:43.359+0530,GIV,2024-06-05T15:49:08.749+0530,,FULL_SYNC90.csv,
4e709206-1d11-42db-96ce-96c3993c3cc5,b5ef2f02-7145-45c5-9f6a-d1f318970054,2024-05-14T16:05:54.369+0530,4321,STARTED,2024-05-14T16:05:54.409+0530,2024-06-05T15:49:08.749+0530,"{""FILE_NAME"": ""FULL_SYNC123.csv""}",2024-05-14T16:05:54.409+0530,GIV,2024-06-05T15:49:08.749+0530,,FULL_SYNC123.csv,
9d1ee27c-96b4-4dc0-9f9f-563902c4bea7,7354b392-3ee4-4f5c-9aa7-8db82c1556f4,2024-05-14T17:56:44.543+0530,4567,FAILED,2024-05-14T17:56:44.619+0530,2024-05-14T17:56:45.729+0530,"{""FILE_NAME"": ""single_insert92.csv""}",2024-05-14T17:56:44.619+0530,GIV,2024-06-05T15:49:08.749+0530,,single_insert92.csv,"full sync failed with error ErrorInfo[errorCode=500, errorMessage=BAD_REQUEST, retryable=false]"
a744b82c-12f1-462e-ab3b-d4aefe67b57f,e23954cf-4f5d-4055-8f28-625aee63b72e,2024-05-14T18:21:00.721+0530,3010,FAILED,2024-05-14T18:21:00.731+0530,2024-05-14T18:21:00.731+0530,"{""FILE_NAME"": ""single_insert90.csv""}",2024-05-14T18:21:00.731+0530,GIV,2024-06-05T15:49:08.749+0530,,single_insert90.csv,Unknown Runtime Exception
82881544-d5bf-488f-a005-b7632cf45419,43d4daa5-704b-4d38-9670-d93b204b82a0,2024-05-14T18:21:41.682+0530,3010,FAILED,2024-05-14T18:21:41.687+0530,2024-05-14T18:21:41.687+0530,"{""FILE_NAME"": ""single_insert90.csv""}",2024-05-14T18:21:41.687+0530,GIV,2024-06-05T15:49:08.749+0530,,single_insert90.csv,Unknown Runtime Exception
b37e873e-3ac3-45b2-bffc-3af0ea9e8109,e9dd98bc-b40e-48a4-ab37-405375afd0e0,2024-05-14T18:22:10.941+0530,3010,FAILED,2024-05-14T18:22:10.945+0530,2024-05-14T18:22:10.945+0530,"{""FILE_NAME"": ""single_insert90.csv""}",2024-05-14T18:22:10.945+0530,GIV,2024-06-05T15:49:08.749+0530,,single_insert90.csv,Unknown Runtime Exception
43bbfa0c-ad62-4694-b118-ddc78a8ed04d,6dabe128-108b-407b-9800-8fd7aa3b2469,2024-05-14T18:22:41.136+0530,3010,FAILED,2024-05-14T18:22:41.138+0530,2024-05-14T18:22:41.138+0530,"{""FILE_NAME"": ""single_insert90.csv""}",2024-05-14T18:22:41.138+0530,GIV,2024-06-05T15:49:08.749+0530,,single_insert90.csv,Unknown Runtime Exception
f94c01e9-2387-4607-9866-93ba0ba7bda2,ad2ed9d0-e0a4-439c-ad6b-591e511953fa,2024-05-14T18:23:11.067+0530,3010,FAILED,2024-05-14T18:23:11.070+0530,2024-05-14T18:23:11.070+0530,"{""FILE_NAME"": ""single_insert90.csv""}",2024-05-14T18:23:11.070+0530,GIV,2024-06-05T15:49:08.749+0530,,single_insert90.csv,Unknown Runtime Exception
4153ecea-2e18-4a2e-ac68-0c21fb4421ad,5521850a-f6ce-4e8f-a5c4-6d0a46e054cb,2024-05-13T12:50:35.954+0530,1305,COMPLETED,2024-05-13T12:50:36.006+0530,2024-05-14T19:05:23.431+0530,"{""FILE_NAME"": ""FFSnewupdate90.csv""}",2024-05-13T12:50:36.006+0530,GIV,2024-06-05T15:49:08.749+0530,,FFSnewupdate90.csv,
f104540d-202e-4ab4-aa24-81259b372b35,95b03c73-b9f1-43a4-b92e-eeb130b28dab,2024-05-14T19:47:02.359+0530,1305,COMPLETED,2024-05-14T19:47:02.361+0530,2024-05-14T19:47:02.952+0530,"{""FILE_NAME"": ""FFSnewupdate91.csv""}",2024-05-14T19:47:02.361+0530,GIV,2024-06-05T15:49:08.749+0530,,FFSnewupdate91.csv,
3f22009c-706a-4330-9eba-61122c26f897,786e534e-3fa7-44e6-8c28-e2312a777feb,2024-05-14T19:48:27.106+0530,1405,COMPLETED,2024-05-14T19:48:27.108+0530,2024-05-14T19:48:27.402+0530,"{""FILE_NAME"": ""FFSnewupdate91.csv""}",2024-05-14T19:48:27.108+0530,GIV,2024-06-05T15:49:08.749+0530,,FFSnewupdate91.csv,
731e06be-8497-434d-8498-3c0496ad01f5,059b2437-5a89-4cfe-b065-ff4eecbc7894,2024-05-14T19:57:12.273+0530,140501,COMPLETED,2024-05-14T19:57:12.275+0530,2024-05-14T19:57:12.552+0530,"{""FILE_NAME"": ""FFSnewupdate92.csv""}",2024-05-14T19:57:12.275+0530,GIV,2024-06-05T15:49:08.749+0530,,FFSnewupdate92.csv,
b7e9320e-8774-4475-b9cd-ca677035a985,dba096fc-6502-4f0e-b7f1-dd6b611f5096,2024-05-14T21:13:50.200+0530,31786,COMPLETED,2024-05-14T21:13:50.205+0530,2024-05-14T21:13:51.093+0530,"{""FILE_NAME"": ""fullsyncbeginrequest_test.csv""}",2024-05-14T21:13:50.205+0530,GIV,2024-06-05T15:49:08.749+0530,,fullsyncbeginrequest_test.csv,
8219ba40-fcfe-4a49-ae75-44fdfaa14089,641c2119-1829-4f00-9520-95edde30b7de,2024-05-14T21:45:30.744+0530,30060,STARTED,2024-05-14T21:45:30.747+0530,2024-06-05T15:49:08.749+0530,"{""FILE_NAME"": ""file_name_112.csv""}",2024-05-14T21:45:30.747+0530,GIV,2024-06-05T15:49:08.749+0530,,file_name_112.csv,
74921ba5-e9eb-44f4-925c-2273a4d6d931,1e7af55a-ba99-4089-8627-aaabbffaba4f,2024-05-14T21:50:31.371+0530,300601,STARTED,2024-05-14T21:50:31.373+0530,2024-06-05T15:49:08.749+0530,"{""FILE_NAME"": ""file_name_1121.csv""}",2024-05-14T21:50:31.373+0530,GIV,2024-06-05T15:49:08.749+0530,,file_name_1121.csv,
80ab9ab1-3af6-41fd-b2f1-5719db8fb56d,9de91132-181f-481e-81dc-1dba5447018e,2024-05-14T22:08:23.619+0530,3896,STARTED,2024-05-14T22:08:23.620+0530,2024-06-05T15:49:08.749+0530,"{""FILE_NAME"": ""file_name_2.csv""}",2024-05-14T22:08:23.620+0530,GIV,2024-06-05T15:49:08.749+0530,,file_name_2.csv,
99f82036-f60a-4d51-a446-3f92611c4934,a937f87e-b635-47d0-b339-8cc3350420bf,2024-05-15T15:16:28.377+0530,1505,COMPLETED,2024-05-15T15:16:28.381+0530,2024-05-15T15:16:29.368+0530,"{""FILE_NAME"": ""FFSnewupdate90.csv""}",2024-05-15T15:16:28.381+0530,GIV,2024-06-05T15:49:08.749+0530,,FFSnewupdate90.csv,
2d589e5f-b486-471b-8dd8-5ba9dbdd4f2e,4762e00d-9069-4d8a-981c-38bf134b4c16,2024-05-15T17:14:42.067+0530,1505,COMPLETED,2024-05-15T17:14:42.071+0530,2024-05-15T17:14:42.746+0530,"{""FILE_NAME"": ""FFSnewupdate96.csv""}",2024-05-15T17:14:42.071+0530,GIV,2024-06-05T15:49:08.749+0530,,FFSnewupdate96.csv,
f1e328c3-e225-4df1-8fe4-c2f1b42d9870,36bd052b-39dd-498d-9a8e-b016c7379100,2024-05-15T18:50:10.414+0530,2000,COMPLETED,2024-05-15T18:50:10.417+0530,2024-05-15T18:50:11.278+0530,"{""FILE_NAME"": ""single_insert_test.csv""}",2024-05-15T18:50:10.417+0530,GIV,2024-06-05T15:49:08.749+0530,,single_insert_test.csv,
df828486-d8f2-4d47-ab8c-1bdce51dc48c,e9ee114b-7829-4e55-b140-0a6263c30ad7,2024-05-15T19:27:49.405+0530,1505,COMPLETED,2024-05-15T19:27:49.407+0530,2024-05-15T19:27:50.128+0530,"{""FILE_NAME"": ""FFSnewupdate97.csv""}",2024-05-15T19:27:49.407+0530,GIV,2024-06-05T15:49:08.749+0530,,FFSnewupdate97.csv,
aaa26c5f-0689-4d55-8258-f5c4aaef99cd,c2a74c23-6838-4cc1-bfe7-d7b8c608d850,2024-05-17T12:30:02.083+0530,2000,COMPLETED,2024-05-17T12:30:02.114+0530,2024-05-17T12:30:03.307+0530,"{""FILE_NAME"": ""single_insert82_pp.csv""}",2024-05-17T12:30:02.114+0530,GIV,2024-06-05T15:49:08.749+0530,,single_insert82_pp.csv,
4c80ea9b-0000-46de-9128-b6c9c05a9a87,34517447-9c85-4905-aafd-56f4f35e0f07,2024-05-20T13:26:42.203+0530,1234,COMPLETED,2024-05-20T13:26:42.255+0530,2024-05-20T13:26:43.469+0530,"{""FILE_NAME"": ""single_insert65.csv""}",2024-05-20T13:26:42.255+0530,GIV,2024-06-05T15:49:08.749+0530,,single_insert65.csv,
f9e9c5d1-8821-45a6-a0c0-7b73fd346cb0,b0969532-0330-4847-b047-13ebf8a21c24,2024-05-21T13:14:26.930+0530,3001,STARTED,2024-05-21T13:14:26.996+0530,2024-06-05T15:49:08.749+0530,"{""FILE_NAME"": ""file_name_2.csv""}",2024-05-21T13:14:26.996+0530,GIV,2024-06-05T15:49:08.749+0530,,file_name_2.csv,
53b2019e-8f9b-4960-a24a-d5b9f3e495a6,a67f81b2-ec82-4b3a-8018-2efc77d820af,2024-05-24T14:28:05.694+0530,10,STARTED,2024-05-24T14:28:05.698+0530,2024-06-05T15:49:08.749+0530,"{""FILE_NAME"": ""file1.csv""}",2024-05-24T14:28:05.698+0530,GIV,2024-06-05T15:49:08.749+0530,,file1.csv,
53edc81c-dfa3-4160-9ff5-fe3ffe237e62,d86a43d8-cfb0-44f5-8435-c40ca6b1ddf0,2024-05-24T14:28:37.574+0530,2008,STARTED,2024-05-24T14:28:37.578+0530,2024-06-05T15:49:08.749+0530,"{""FILE_NAME"": ""file2.csv""}",2024-05-24T14:28:37.578+0530,GIV,2024-06-05T15:49:08.749+0530,,file2.csv,
87fd5908-8c1b-40c3-a074-d24ba910e7aa,f8f3f165-1a81-49be-8d01-2f65cca66152,2024-05-24T15:54:46.487+0530,2008,FAILED,2024-05-24T15:54:46.509+0530,2024-05-24T15:54:46.509+0530,"{""FILE_NAME"": ""file_name_3.csv""}",2024-05-24T15:54:46.509+0530,GIV,2024-06-05T15:49:08.749+0530,,file_name_3.csv,Error while extracting response for type [com.cencosud.inventoryservice.supplydemandcommons.models.NodeLookup] and content type [application/json]
567c5067-a755-42d2-8570-6a760cfc8019,3170a1f7-fdf2-4f46-87c0-018545f6fbfd,2024-05-24T15:59:13.841+0530,3001,STARTED,2024-05-24T15:59:13.844+0530,2024-06-05T15:49:08.749+0530,"{""FILE_NAME"": ""file_name_3.csv""}",2024-05-24T15:59:13.844+0530,GIV,2024-06-05T15:49:08.749+0530,,file_name_3.csv,
7d87f45d-2644-4d7c-86d9-a6712fb04a71,cdc394f3-8f6a-449c-b1eb-ab2bad2eb033,2024-05-24T17:36:56.371+0530,3008,STARTED,2024-05-24T17:36:56.381+0530,2024-06-05T15:49:08.749+0530,"{""FILE_NAME"": ""file_name_3.csv""}",2024-05-24T17:36:56.381+0530,GIV,2024-06-05T15:49:08.749+0530,,file_name_3.csv,
012884b5-8c19-4ea3-b15f-a1859fa7ee9d,ef6dbfdf-a175-41c0-bac1-f194b204597b,2024-05-27T10:47:25.209+0530,2009,FAILED,2024-05-27T10:47:25.267+0530,2024-05-27T10:47:25.267+0530,"{""FILE_NAME"": ""file2.csv""}",2024-05-27T10:47:25.267+0530,GIV,2024-06-05T15:49:08.749+0530,,file2.csv,Error while extracting response for type [com.cencosud.inventoryservice.supplydemandcommons.models.NodeLookup] and content type [application/json]
64225365-2b74-472e-8b8b-05751ea94669,7004276f-f509-49e0-8b77-9a09ef19691e,2024-05-27T10:56:14.708+0530,,FAILED,2024-05-27T10:56:14.712+0530,2024-05-27T10:56:14.712+0530,"{""FILE_NAME"": """"}",2024-05-27T10:56:14.712+0530,GIV,2024-06-05T15:49:08.749+0530,,,Node code not found
165b4f66-b439-4c5d-89e4-de67c04d44b1,7cb3b118-8541-467b-9509-4d11f3782964,2024-05-27T10:56:50.591+0530,21000,FAILED,2024-05-27T10:56:50.594+0530,2024-05-27T10:56:50.594+0530,"{""FILE_NAME"": """"}",2024-05-27T10:56:50.594+0530,GIV,2024-06-05T15:49:08.749+0530,,,Node code not found
bf651fe9-2559-4063-911d-4a377e27f7ca,f45bc5a0-8d68-4be9-b447-936db3a6ab07,2024-05-27T10:58:19.082+0530,2008,FAILED,2024-05-27T10:58:19.084+0530,2024-05-27T10:58:19.084+0530,"{""FILE_NAME"": """"}",2024-05-27T10:58:19.084+0530,GIV,2024-06-05T15:49:08.749+0530,,,Node code not found
21322ec4-3ec1-434a-87bb-1f4c6c33d2dd,8169abb5-e7d6-4fda-a012-f419cca057e0,2024-05-27T11:27:14.585+0530,8888,FAILED,2024-05-27T11:27:14.588+0530,2024-05-27T11:27:14.588+0530,"{""FILE_NAME"": ""csvFile1234-new.csv""}",2024-05-27T11:27:14.588+0530,GIV,2024-06-05T15:49:08.749+0530,,csvFile1234-new.csv,Node code not found
395fb4ab-7dc3-499c-82a9-9b7ba6950a2b,9b370861-2413-40ea-b432-7964642fee8c,2024-05-27T11:27:44.001+0530,8888,FAILED,2024-05-27T11:27:44.003+0530,2024-05-27T11:27:44.003+0530,"{""FILE_NAME"": ""csvFile1234-new.csv""}",2024-05-27T11:27:44.003+0530,GIV,2024-06-05T15:49:08.749+0530,,csvFile1234-new.csv,Node code not found
4ae26f70-fc45-4409-bfc3-0b8717e71a3a,67b5c03c-87a3-4e6a-9a40-77f77a41e06b,2024-05-27T11:28:12.028+0530,8888,FAILED,2024-05-27T11:28:12.030+0530,2024-05-27T11:28:12.030+0530,"{""FILE_NAME"": ""csvFile1234-new.csv""}",2024-05-27T11:28:12.030+0530,GIV,2024-06-05T15:49:08.749+0530,,csvFile1234-new.csv,Node code not found
5a711b58-539a-4f93-86d7-ed134560a094,c5236ff7-6ca4-48ef-b57e-25a65b5f6186,2024-05-27T11:28:43.965+0530,8888,FAILED,2024-05-27T11:28:43.968+0530,2024-05-27T11:28:43.968+0530,"{""FILE_NAME"": ""csvFile1234-new.csv""}",2024-05-27T11:28:43.968+0530,GIV,2024-06-05T15:49:08.749+0530,,csvFile1234-new.csv,Node code not found
8f333c0d-3142-4659-a836-907c131e3963,841f6db9-ff5a-4147-ad5f-a959513c1bf1,2024-05-27T11:29:14.373+0530,8888,FAILED,2024-05-27T11:29:14.376+0530,2024-05-27T11:29:14.376+0530,"{""FILE_NAME"": ""csvFile1234-new.csv""}",2024-05-27T11:29:14.376+0530,GIV,2024-06-05T15:49:08.749+0530,,csvFile1234-new.csv,Node code not found
01ab4d0b-12c4-4859-a162-912af1e50466,ea7be122-6977-48a1-ace5-14290528f941,2024-05-27T11:32:30.283+0530,3008,COMPLETED,2024-05-27T11:32:30.287+0530,2024-05-27T11:32:31.359+0530,"{""FILE_NAME"": ""csvFile1234-new.csv""}",2024-05-27T11:32:30.287+0530,GIV,2024-05-27T11:32:31.365+0530,GIV,csvFile1234-new.csv,
60849f88-5dc9-4951-b533-88874753adc1,8aea799a-c180-4fc4-8852-8443d6b5897e,2024-05-27T11:54:07.489+0530,3008,COMPLETED,2024-05-27T11:54:07.491+0530,2024-05-27T11:54:08.065+0530,"{""FILE_NAME"": ""csvFile1234-new1.csv""}",2024-05-27T11:54:07.491+0530,GIV,2024-05-27T11:54:08.068+0530,GIV,csvFile1234-new1.csv,
fb0fc772-3f23-4435-94bc-f39dc8cd6ca9,c3c1e405-599f-49f3-8d87-62a30ffeaecb,2024-05-27T20:00:33.344+0530,3008,COMPLETED,2024-05-27T20:00:33.348+0530,2024-05-27T20:00:34.638+0530,"{""FILE_NAME"": ""csvFile1.csv""}",2024-05-27T20:00:33.348+0530,GIV,2024-05-27T20:00:34.642+0530,GIV,csvFile1.csv,
18be6cfd-ab97-4285-b336-336eee9fdded,0aa9e59e-4c12-4f67-b8eb-6a54cde95ced,2024-05-28T08:28:23.846+0530,9999,FAILED,2024-05-28T08:28:23.889+0530,2024-05-28T08:28:23.889+0530,"{""FILE_NAME"": ""csvFile1.csv""}",2024-05-28T08:28:23.889+0530,GIV,2024-06-05T15:49:08.749+0530,,csvFile1.csv,Node code not found
3c0547ee-0a84-4bc1-a93f-23cff43c9462,f63b7b1b-fc18-44d1-90d8-de8f34255ea0,2024-05-28T08:28:53.076+0530,9999,FAILED,2024-05-28T08:28:53.078+0530,2024-05-28T08:28:53.078+0530,"{""FILE_NAME"": ""csvFile1.csv""}",2024-05-28T08:28:53.078+0530,GIV,2024-06-05T15:49:08.749+0530,,csvFile1.csv,Node code not found
d75cf4c0-d61f-4c0d-8cdf-a79e8906fa83,ea267f03-0712-4b9e-92ae-67c0edb03098,2024-05-28T08:29:23.199+0530,9999,FAILED,2024-05-28T08:29:23.201+0530,2024-05-28T08:29:23.201+0530,"{""FILE_NAME"": ""csvFile1.csv""}",2024-05-28T08:29:23.201+0530,GIV,2024-06-05T15:49:08.749+0530,,csvFile1.csv,Node code not found
c959bbf0-88c2-4431-ba0f-dc214931134d,db165ffd-257b-4f1f-b277-3fe54f496166,2024-05-28T08:29:52.261+0530,9999,FAILED,2024-05-28T08:29:52.263+0530,2024-05-28T08:29:52.263+0530,"{""FILE_NAME"": ""csvFile1.csv""}",2024-05-28T08:29:52.263+0530,GIV,2024-06-05T15:49:08.749+0530,,csvFile1.csv,Node code not found
88e5bf95-4eb1-4e9e-8645-503d54ba916b,b96d89ef-4c83-4d24-90ff-0ff11c7e9a1c,2024-05-28T08:30:22.365+0530,9999,FAILED,2024-05-28T08:30:22.368+0530,2024-05-28T08:30:22.368+0530,"{""FILE_NAME"": ""csvFile1.csv""}",2024-05-28T08:30:22.368+0530,GIV,2024-06-05T15:49:08.749+0530,,csvFile1.csv,Node code not found
bec91678-64ee-4b32-a07c-54b7ed934817,23de5154-c3a9-4678-b88b-e977e78a3068,2024-05-28T08:35:13.647+0530,9999,FAILED,2024-05-28T08:35:13.650+0530,2024-05-28T08:35:13.650+0530,"{""FILE_NAME"": ""csvFile2.csv""}",2024-05-28T08:35:13.650+0530,GIV,2024-06-05T15:49:08.749+0530,,csvFile2.csv,Node code not found
19c7b019-f527-4f21-af1d-4ac7ad7d7099,baaacab2-a788-43a2-821e-8b0fa7a57b5e,2024-05-28T08:35:43.473+0530,9999,FAILED,2024-05-28T08:35:43.475+0530,2024-05-28T08:35:43.475+0530,"{""FILE_NAME"": ""csvFile2.csv""}",2024-05-28T08:35:43.475+0530,GIV,2024-06-05T15:49:08.749+0530,,csvFile2.csv,Node code not found
c1ccc3b7-9d0d-41ae-b0cb-4923ff531c55,afd6bacb-ea77-4bdd-8980-5825849019dc,2024-05-28T08:36:13.425+0530,9999,FAILED,2024-05-28T08:36:13.427+0530,2024-05-28T08:36:13.427+0530,"{""FILE_NAME"": ""csvFile2.csv""}",2024-05-28T08:36:13.427+0530,GIV,2024-06-05T15:49:08.749+0530,,csvFile2.csv,Node code not found
b840f4d8-ef59-4287-ba20-55595adbd74c,b1f4b600-d573-4278-9f6b-025dd3a28294,2024-05-28T08:36:43.180+0530,9999,FAILED,2024-05-28T08:36:43.181+0530,2024-05-28T08:36:43.181+0530,"{""FILE_NAME"": ""csvFile2.csv""}",2024-05-28T08:36:43.181+0530,GIV,2024-06-05T15:49:08.749+0530,,csvFile2.csv,Node code not found
df5760f2-f043-4816-98a6-c7e1e44d8867,e3fe7319-6f4a-40d3-a5d7-d4dda023fc04,2024-05-28T08:37:12.944+0530,9999,FAILED,2024-05-28T08:37:12.946+0530,2024-05-28T08:37:12.946+0530,"{""FILE_NAME"": ""csvFile2.csv""}",2024-05-28T08:37:12.946+0530,GIV,2024-06-05T15:49:08.749+0530,,csvFile2.csv,Node code not found
f65b94c6-168d-4186-8bf5-35cfe9c4b47f,dcc629f6-63b2-4597-ae25-73a0d459e590,2024-05-28T10:27:54.057+0530,3001,COMPLETED,2024-05-28T10:27:54.064+0530,2024-05-28T10:27:55.152+0530,"{""FILE_NAME"": ""csvFile2.csv""}",2024-05-28T10:27:54.064+0530,GIV,2024-05-28T10:27:55.157+0530,GIV,csvFile2.csv,
c7fb21cc-5ed7-4340-9ee8-1fcc3c8e3e8e,f18b7894-3c76-400e-ad3c-c4143f4d6380,2024-05-28T11:23:39.932+0530,2215,FAILED,2024-05-28T11:23:39.936+0530,2024-05-28T11:23:39.936+0530,"{""FILE_NAME"": ""file_name_2.csv""}",2024-05-28T11:23:39.936+0530,GIV,2024-06-05T15:49:08.749+0530,,file_name_2.csv,Node code not found
35b8eb0f-754f-4016-ba76-8d4e06f55a5c,ab161af7-6bb8-4054-b059-9d96e7533212,2024-05-28T11:24:32.048+0530,2215,FAILED,2024-05-28T11:24:32.050+0530,2024-05-28T11:24:32.050+0530,"{""FILE_NAME"": ""file_name_2.csv""}",2024-05-28T11:24:32.050+0530,GIV,2024-06-05T15:49:08.749+0530,,file_name_2.csv,Error while extracting response for type [com.cencosud.inventoryservice.supplydemandcommons.models.NodeLookup] and content type [application/json]
cd7b530a-c184-44c1-9f04-f890113b61a1,28cc734d-e620-4f42-b22e-c95ab975f6f0,2024-05-28T11:24:51.202+0530,2216,STARTED,2024-05-28T11:24:51.204+0530,2024-06-05T15:49:08.749+0530,"{""FILE_NAME"": ""file_name_2.csv""}",2024-05-28T11:24:51.204+0530,GIV,2024-06-05T15:49:08.749+0530,,file_name_2.csv,
316dcd23-5b31-49fc-8585-6289f06024a6,8f6e1309-d304-4938-9c40-5cf62891038b,2024-05-28T11:27:25.004+0530,2215,FAILED,2024-05-28T11:27:25.008+0530,2024-05-28T11:27:25.008+0530,"{""FILE_NAME"": ""file_name_2.csv""}",2024-05-28T11:27:25.008+0530,GIV,2024-06-05T15:49:08.749+0530,,file_name_2.csv,Error while extracting response for type [com.cencosud.inventoryservice.supplydemandcommons.models.NodeLookup] and content type [application/json]
6dc2e3cc-baf9-4607-9730-c0535aab4c56,8e81d896-7a9f-4c65-9b23-c2a56eda0fb3,2024-05-28T11:32:09.500+0530,2215,FAILED,2024-05-28T11:32:09.502+0530,2024-05-28T11:32:09.502+0530,"{""FILE_NAME"": ""file_name_2.csv""}",2024-05-28T11:32:09.502+0530,GIV,2024-06-05T15:49:08.749+0530,,file_name_2.csv,Error while extracting response for type [com.cencosud.inventoryservice.supplydemandcommons.models.NodeLookup] and content type [application/json]
be40775e-1a8b-4ee1-8552-490839469303,b5de4cef-3403-4c94-a501-b712b0653065,2024-05-28T14:34:31.579+0530,3001,COMPLETED,2024-05-28T14:34:31.583+0530,2024-05-28T14:34:32.702+0530,"{""FILE_NAME"": ""csvFile3.csv""}",2024-05-28T14:34:31.583+0530,GIV,2024-05-28T14:34:32.706+0530,GIV,csvFile3.csv,
d2eab42e-19f6-4421-bed2-9f56dfa30121,4f237c39-8eb0-45cc-a716-df749183c264,2024-05-28T16:05:00.273+0530,3001,COMPLETED,2024-05-28T16:05:00.275+0530,2024-05-28T16:05:01.465+0530,"{""FILE_NAME"": ""csvFile4.csv""}",2024-05-28T16:05:00.275+0530,GIV,2024-05-28T16:05:01.467+0530,GIV,csvFile4.csv,
bfc370ee-f68b-4752-b24f-4b18fa6b9bf7,8f57c7c1-c51a-4e44-91d3-be6c54ff7e2d,2024-05-29T16:32:38.484+0530,22150,FAILED,2024-05-29T16:32:38.505+0530,2024-05-29T16:32:38.505+0530,"{""FILE_NAME"": ""file_name_2.csv""}",2024-05-29T16:32:38.505+0530,GIV,2024-06-05T15:49:08.749+0530,,file_name_2.csv,Node code not found
87138814-d7cf-4053-9f55-691d26f0238e,59322303-a219-417b-9c82-bab85f9be865,2024-05-28T23:55:04.217+0530,2215,COMPLETED,2024-05-28T23:55:04.232+0530,2024-05-29T16:33:51.140+0530,"{""FILE_NAME"": ""file_name_2.csv""}",2024-05-28T23:55:04.232+0530,GIV,2024-05-29T16:33:51.146+0530,GIV,file_name_2.csv,
cde7567d-8d5d-476e-a6be-bb5316c410fb,8f8bb076-0551-4ffe-b879-25ba5ddf5c7c,2024-05-29T16:35:51.747+0530,22150,FAILED,2024-05-29T16:35:51.750+0530,2024-05-29T16:35:51.750+0530,"{""FILE_NAME"": ""file_name_2.csv""}",2024-05-29T16:35:51.750+0530,GIV,2024-06-05T15:49:08.749+0530,,file_name_2.csv,Node code not found
9aebd5fa-2270-4944-a229-8ae74289646f,c60f0d94-85ba-4fb5-bcbc-a4eb2d859abe,2024-05-29T16:38:21.580+0530,2215,COMPLETED,2024-05-29T16:38:21.584+0530,2024-05-29T16:38:38.175+0530,"{""FILE_NAME"": ""file_name_3.csv""}",2024-05-29T16:38:21.584+0530,GIV,2024-05-29T16:38:38.178+0530,GIV,file_name_3.csv,
7f884cef-1908-41cc-b125-7e30c28ae1c5,129487ca-6ab3-43e1-9c71-cc1e2d17c022,2024-05-29T16:38:49.583+0530,2215,FAILED,2024-05-29T16:38:49.585+0530,2024-05-29T16:39:06.279+0530,"{""FILE_NAME"": ""file_name_4.csv""}",2024-05-29T16:38:49.585+0530,GIV,2024-05-29T16:39:06.282+0530,GIV,file_name_4.csv,
72cb90db-9f3e-43cb-b60f-9cec8ad43885,333c1e87-6f33-422f-979d-819fb91063e8,2024-05-29T16:39:18.553+0530,2215,STARTED,2024-05-29T16:39:18.555+0530,2024-06-05T15:49:08.749+0530,"{""FILE_NAME"": ""file_name_4.csv""}",2024-05-29T16:39:18.555+0530,GIV,2024-06-05T15:49:08.749+0530,,file_name_4.csv,
0995ff86-6e14-4c2b-9987-963e8d9c0944,0fcab81d-fd1d-4281-b921-e73da6d7ee2b,2024-05-29T16:45:43.116+0530,22150,FAILED,2024-05-29T16:45:43.119+0530,2024-05-29T16:45:43.119+0530,"{""FILE_NAME"": ""file_name_4.csv""}",2024-05-29T16:45:43.119+0530,GIV,2024-06-05T15:49:08.749+0530,,file_name_4.csv,Node code not found
80303167-7737-4d5d-8916-8ee68f989b3e,ba685245-a804-44aa-9571-2b3b9fc2ab5a,2024-05-29T16:52:05.939+0530,22150,FAILED,2024-05-29T16:52:05.941+0530,2024-05-29T16:52:05.941+0530,"{""FILE_NAME"": ""file_name_4.csv""}",2024-05-29T16:52:05.941+0530,GIV,2024-06-05T15:49:08.749+0530,,file_name_4.csv,Node code not found
e3f6e930-6015-4fd2-b082-72d61ff13011,22f38f19-4dff-4852-a3b9-7d6726a2a1bc,2024-05-29T17:25:21.301+0530,1000,FAILED,2024-05-29T17:25:21.304+0530,2024-05-29T17:25:21.304+0530,"{""FILE_NAME"": ""sample_file_1.csv""}",2024-05-29T17:25:21.304+0530,GIV,2024-06-05T15:49:08.749+0530,,sample_file_1.csv,Node code not found
f5c3fc11-8ee2-4b09-a705-051a46e82583,c575a6e0-a57a-4704-899e-4816be55f4e9,2024-05-29T17:25:50.690+0530,1000,FAILED,2024-05-29T17:25:50.692+0530,2024-05-29T17:25:50.692+0530,"{""FILE_NAME"": ""sample_file_1.csv""}",2024-05-29T17:25:50.692+0530,GIV,2024-06-05T15:49:08.749+0530,,sample_file_1.csv,Node code not found
ee1533b7-5aac-4c9a-8a2f-0761452edb75,6f6059bd-0638-4cea-a36f-bfabfe84bdda,2024-05-29T17:26:21.027+0530,1000,FAILED,2024-05-29T17:26:21.030+0530,2024-05-29T17:26:21.030+0530,"{""FILE_NAME"": ""sample_file_1.csv""}",2024-05-29T17:26:21.030+0530,GIV,2024-06-05T15:49:08.749+0530,,sample_file_1.csv,Node code not found
515b80fa-070b-4942-b543-90383df6e196,05048ac5-683e-4968-9104-003d8b58db16,2024-05-29T17:26:50.386+0530,1000,FAILED,2024-05-29T17:26:50.388+0530,2024-05-29T17:26:50.388+0530,"{""FILE_NAME"": ""sample_file_1.csv""}",2024-05-29T17:26:50.388+0530,GIV,2024-06-05T15:49:08.749+0530,,sample_file_1.csv,Node code not found
48ff9d0d-4cd4-4735-9111-d4cf53488bc7,1558ef65-caab-4a6d-a03f-6dbaf1ff8d5d,2024-05-29T17:27:20.236+0530,1000,FAILED,2024-05-29T17:27:20.238+0530,2024-05-29T17:27:20.238+0530,"{""FILE_NAME"": ""sample_file_1.csv""}",2024-05-29T17:27:20.238+0530,GIV,2024-06-05T15:49:08.749+0530,,sample_file_1.csv,Node code not found
367153b5-614c-4e53-b169-4533c8a03511,8407d373-3c00-4b25-885e-bd563b690093,2024-05-29T17:28:05.283+0530,290501,FAILED,2024-05-29T17:28:05.285+0530,2024-05-29T17:28:05.285+0530,"{""FILE_NAME"": ""FFSnewupdate92.csv""}",2024-05-29T17:28:05.285+0530,GIV,2024-06-05T15:49:08.749+0530,,FFSnewupdate92.csv,Node code not found
e96d011a-aaeb-419c-b101-8a3a622f919a,c0298c56-4249-4ef1-984c-8edf15fa874e,2024-05-29T17:28:35.088+0530,290501,FAILED,2024-05-29T17:28:35.090+0530,2024-05-29T17:28:35.090+0530,"{""FILE_NAME"": ""FFSnewupdate92.csv""}",2024-05-29T17:28:35.090+0530,GIV,2024-06-05T15:49:08.749+0530,,FFSnewupdate92.csv,Node code not found
115560b7-ea16-4736-a724-da276ccaf996,b396d44a-b078-4ac0-a128-85274cc14a9d,2024-05-29T17:29:05.431+0530,290501,FAILED,2024-05-29T17:29:05.433+0530,2024-05-29T17:29:05.433+0530,"{""FILE_NAME"": ""FFSnewupdate92.csv""}",2024-05-29T17:29:05.433+0530,GIV,2024-06-05T15:49:08.749+0530,,FFSnewupdate92.csv,504 Gateway Timeout: [no body]
42ea1d55-b18c-43ca-9ee4-9ae054354863,d7c1ee69-d6a5-493e-a1cf-59a599b31146,2024-05-29T17:29:34.746+0530,290501,FAILED,2024-05-29T17:29:34.748+0530,2024-05-29T17:29:34.748+0530,"{""FILE_NAME"": ""FFSnewupdate92.csv""}",2024-05-29T17:29:34.748+0530,GIV,2024-06-05T15:49:08.749+0530,,FFSnewupdate92.csv,Node code not found
d4b3eda8-0593-4e63-9f63-b614d5ac7043,c22d60c8-fe17-4d23-858a-7bb876694697,2024-05-29T17:30:05.552+0530,290501,FAILED,2024-05-29T17:30:05.554+0530,2024-05-29T17:30:05.554+0530,"{""FILE_NAME"": ""FFSnewupdate92.csv""}",2024-05-29T17:30:05.554+0530,GIV,2024-06-05T15:49:08.749+0530,,FFSnewupdate92.csv,Node code not found
0321bbf2-764c-4602-b0ff-d4f5f383b520,121b800a-8e4e-4983-b007-94e6569bcd4a,2024-05-29T17:41:14.591+0530,290501,FAILED,2024-05-29T17:41:14.594+0530,2024-05-29T17:41:14.594+0530,"{""FILE_NAME"": ""FFSnewupdate99.csv""}",2024-05-29T17:41:14.594+0530,GIV,2024-06-05T15:49:08.749+0530,,FFSnewupdate99.csv,Node code not found
e923cb2b-e32e-408b-8018-ce4a64526cec,47e43e35-481a-40bb-80d6-73acd3a01f82,2024-05-29T17:41:44.264+0530,290501,FAILED,2024-05-29T17:41:44.266+0530,2024-05-29T17:41:44.266+0530,"{""FILE_NAME"": ""FFSnewupdate99.csv""}",2024-05-29T17:41:44.266+0530,GIV,2024-06-05T15:49:08.749+0530,,FFSnewupdate99.csv,Node code not found
5047060b-38ea-4aa2-8ed8-8a0a7ebdbc0c,317db9de-2dac-427f-ae20-5817d567e67e,2024-05-29T17:42:14.281+0530,290501,FAILED,2024-05-29T17:42:14.282+0530,2024-05-29T17:42:14.282+0530,"{""FILE_NAME"": ""FFSnewupdate99.csv""}",2024-05-29T17:42:14.282+0530,GIV,2024-06-05T15:49:08.749+0530,,FFSnewupdate99.csv,Node code not found
0ecfe1b3-854e-4cec-aba5-617713ee18c6,607638eb-55ac-404f-bb77-d388604fcf54,2024-05-29T17:42:44.406+0530,290501,FAILED,2024-05-29T17:42:44.408+0530,2024-05-29T17:42:44.408+0530,"{""FILE_NAME"": ""FFSnewupdate99.csv""}",2024-05-29T17:42:44.408+0530,GIV,2024-06-05T15:49:08.749+0530,,FFSnewupdate99.csv,Node code not found
6573a7ef-82ae-428f-b63c-699328537ce6,113903ae-bf5e-4b8a-8a42-b9feb02b3330,2024-05-29T17:43:14.336+0530,290501,FAILED,2024-05-29T17:43:14.338+0530,2024-05-29T17:43:14.338+0530,"{""FILE_NAME"": ""FFSnewupdate99.csv""}",2024-05-29T17:43:14.338+0530,GIV,2024-06-05T15:49:08.749+0530,,FFSnewupdate99.csv,Node code not found
1c4bea0e-fc0b-4d1b-8fa5-84da26302465,d9d62a90-b999-4b08-a935-12eb03e07862,2024-05-29T17:48:25.327+0530,290501,FAILED,2024-05-29T17:48:25.330+0530,2024-05-29T17:48:25.330+0530,"{""FILE_NAME"": ""FFSnewupdate99.csv""}",2024-05-29T17:48:25.330+0530,GIV,2024-06-05T15:49:08.749+0530,,FFSnewupdate99.csv,Node code not found
df7faf38-5331-450d-8745-e3183e8bcf11,4b486b00-4207-4314-a9c0-c188f70b485f,2024-05-29T17:48:55.182+0530,290501,FAILED,2024-05-29T17:48:55.184+0530,2024-05-29T17:48:55.184+0530,"{""FILE_NAME"": ""FFSnewupdate99.csv""}",2024-05-29T17:48:55.184+0530,GIV,2024-06-05T15:49:08.749+0530,,FFSnewupdate99.csv,Node code not found
8e40f144-6dae-4876-8e7a-673c58acb476,c9ff6be5-0afe-48bc-94ff-d8d8b2d6d76c,2024-05-29T17:49:06.363+0530,290501,FAILED,2024-05-29T17:49:06.365+0530,2024-05-29T17:49:06.365+0530,"{""FILE_NAME"": ""FFSnewupdate99.csv""}",2024-05-29T17:49:06.365+0530,GIV,2024-06-05T15:49:08.749+0530,,FFSnewupdate99.csv,Node code not found
a3df793b-9e5c-45e2-a5a4-1f32dc036bcf,033b8469-5ccf-4be6-a699-48c263a1f823,2024-05-29T17:49:25.176+0530,290501,FAILED,2024-05-29T17:49:25.178+0530,2024-05-29T17:49:25.178+0530,"{""FILE_NAME"": ""FFSnewupdate99.csv""}",2024-05-29T17:49:25.178+0530,GIV,2024-06-05T15:49:08.749+0530,,FFSnewupdate99.csv,Node code not found
fd2701d5-71b4-4c75-94fa-006f93f0ce7f,6ff5a73c-d934-4b5c-9a4d-db01e5643349,2024-05-29T17:49:36.333+0530,290501,FAILED,2024-05-29T17:49:36.335+0530,2024-05-29T17:49:36.335+0530,"{""FILE_NAME"": ""FFSnewupdate99.csv""}",2024-05-29T17:49:36.335+0530,GIV,2024-06-05T15:49:08.749+0530,,FFSnewupdate99.csv,Node code not found
ad6ce85d-1ac8-4671-a529-cdb7c814b34b,169665ed-01ab-4024-8b53-c65b38118a48,2024-05-29T17:50:05.557+0530,290501,FAILED,2024-05-29T17:50:05.560+0530,2024-05-29T17:50:05.560+0530,"{""FILE_NAME"": ""FFSnewupdate99.csv""}",2024-05-29T17:50:05.560+0530,GIV,2024-06-05T15:49:08.749+0530,,FFSnewupdate99.csv,Node code not found
f71202c2-cf0d-4732-b00a-44e965552d2f,dee5e3fd-37b0-442a-b32f-afcbc91d0872,2024-05-29T17:50:17.444+0530,290501,FAILED,2024-05-29T17:50:17.446+0530,2024-05-29T17:50:17.446+0530,"{""FILE_NAME"": ""FFSnewupdate99.csv""}",2024-05-29T17:50:17.446+0530,GIV,2024-06-05T15:49:08.749+0530,,FFSnewupdate99.csv,Node code not found
c1cded0a-c8db-40ac-ba41-911182a619ce,af44e6ad-6919-4fa3-aa6e-66dd0d33671f,2024-05-29T17:50:35.197+0530,290501,FAILED,2024-05-29T17:50:35.199+0530,2024-05-29T17:50:35.199+0530,"{""FILE_NAME"": ""FFSnewupdate99.csv""}",2024-05-29T17:50:35.199+0530,GIV,2024-06-05T15:49:08.749+0530,,FFSnewupdate99.csv,Node code not found
2c6b4bba-164a-4ea5-a7cc-87e79c77d4fd,2a9aceaf-b043-42f2-ade9-b3d02374bd4f,2024-05-29T17:50:46.458+0530,290501,FAILED,2024-05-29T17:50:46.460+0530,2024-05-29T17:50:46.460+0530,"{""FILE_NAME"": ""FFSnewupdate99.csv""}",2024-05-29T17:50:46.460+0530,GIV,2024-06-05T15:49:08.749+0530,,FFSnewupdate99.csv,Node code not found
5eee6e29-2ced-4bfc-bcca-0d4725e5ccba,3e4a10bf-5952-4b8c-9387-e9f13109a92b,2024-05-29T17:51:17.016+0530,290501,FAILED,2024-05-29T17:51:17.018+0530,2024-05-29T17:51:17.018+0530,"{""FILE_NAME"": ""FFSnewupdate99.csv""}",2024-05-29T17:51:17.018+0530,GIV,2024-06-05T15:49:08.749+0530,,FFSnewupdate99.csv,Node code not found
da5e13dc-ed29-4b33-81ce-184f994a085e,c187476e-a6f9-4c70-badd-6364ce92d725,2024-05-29T17:51:47.181+0530,290501,FAILED,2024-05-29T17:51:47.182+0530,2024-05-29T17:51:47.182+0530,"{""FILE_NAME"": ""FFSnewupdate100.csv""}",2024-05-29T17:51:47.182+0530,GIV,2024-06-05T15:49:08.749+0530,,FFSnewupdate100.csv,Node code not found
a868e11b-fdf0-4367-87a7-25d0c7cd6902,f70df322-dddd-4045-aa11-a3c01637a1b8,2024-05-29T17:52:18.651+0530,290501,FAILED,2024-05-29T17:52:18.652+0530,2024-05-29T17:52:18.652+0530,"{""FILE_NAME"": ""FFSnewupdate100.csv""}",2024-05-29T17:52:18.652+0530,GIV,2024-06-05T15:49:08.749+0530,,FFSnewupdate100.csv,Node code not found
a07149eb-b642-4bfc-89c9-aed1b2c74085,5274eb45-3684-47e3-a36a-f3f927c13c22,2024-05-29T17:52:48.987+0530,290501,FAILED,2024-05-29T17:52:48.988+0530,2024-05-29T17:52:48.988+0530,"{""FILE_NAME"": ""FFSnewupdate100.csv""}",2024-05-29T17:52:48.988+0530,GIV,2024-06-05T15:49:08.749+0530,,FFSnewupdate100.csv,Node code not found
e508a61f-4f1e-4f07-9037-332303bf3b88,39146fcb-62b9-405c-ade5-c0fd25832cd5,2024-05-29T17:53:19.076+0530,290501,FAILED,2024-05-29T17:53:19.078+0530,2024-05-29T17:53:19.078+0530,"{""FILE_NAME"": ""FFSnewupdate100.csv""}",2024-05-29T17:53:19.078+0530,GIV,2024-06-05T15:49:08.749+0530,,FFSnewupdate100.csv,Node code not found
df9e8568-0047-4e64-afcc-6b7b8f15a430,13d0355f-b8a0-495f-81e4-788713bfd836,2024-05-29T17:53:49.075+0530,290501,FAILED,2024-05-29T17:53:49.077+0530,2024-05-29T17:53:49.077+0530,"{""FILE_NAME"": ""FFSnewupdate100.csv""}",2024-05-29T17:53:49.077+0530,GIV,2024-06-05T15:49:08.749+0530,,FFSnewupdate100.csv,Node code not found
24c6df7f-27cb-4434-b8b1-9a6371e74fb0,b3ef81d4-47a0-4f52-a086-1577d3f2fa42,2024-05-29T18:05:17.543+0530,1001,COMPLETED,2024-05-29T18:05:17.545+0530,2024-05-29T18:05:18.530+0530,"{""FILE_NAME"": ""FFSnewupdate100.csv""}",2024-05-29T18:05:17.545+0530,GIV,2024-05-29T18:05:18.558+0530,GIV,FFSnewupdate100.csv,
95406e12-1c83-4efb-b95d-aa2d3c29809b,3cf1ce70-9dbf-4ce9-900d-d19b701edbd6,2024-05-29T18:08:01.195+0530,1001,COMPLETED,2024-05-29T18:08:01.197+0530,2024-05-29T18:08:01.923+0530,"{""FILE_NAME"": ""FFSnewupdate99.csv""}",2024-05-29T18:08:01.197+0530,GIV,2024-05-29T18:08:01.925+0530,GIV,FFSnewupdate99.csv,
