"id","mismatch_type","previous_quantity","updated_quantity","supply_activity_item_log_id","supply_activity_item_log_created_at","supply_summary_id","created_at","created_by","previous_quantity_unit_of_measure","updated_quantity_unit_of_measure"
"6e7ff1cc-3c3f-4834-8588-1dfcaf8e6439",INSERT,,100.0,d9302044-5c8b-408e-baa5-cd33a925d60e,2024-04-16 17:20:28.728 +0530,befffe98-5ed9-450b-bea9-8bd0cd85699c,2024-04-16 17:20:28.734 +0530,GIV,,UNITS
"48ad3dbd-af1d-4ecb-b411-8db980df83a3",INSERT,,10.0,"3e08d48f-7ade-4245-bf2d-3992e7278bf3",2024-04-16 17:37:46.438 +0530,"06041bed-05dd-4c58-9d5a-8bff0f3fe650",2024-04-16 17:37:46.444 +0530,GIV,,UNITS
"0e1972dd-0a0c-497a-ba47-4c179dd9b989",UPDATE,10.0,11.0,"3a600c47-ab79-4a31-a379-7a5fc8d3b7b7",2024-04-16 17:39:28.376 +0530,"06041bed-05dd-4c58-9d5a-8bff0f3fe650",2024-04-16 17:39:28.383 +0530,GIV,UNITS,UNITS
"2034ddf8-ba0a-4ce7-aa49-9d236dcbcdd1",INSERT,,94.0,"0729da14-0766-4472-b173-04305d59e91e",2024-04-16 18:41:55.331 +0530,e48e0e36-bd3e-443f-87bb-e29e0242b047,2024-04-16 18:41:55.378 +0530,GIV,,UNITS
b7b6c632-1c67-4e6d-9cc4-f43bebbf1115,UPDATE,94.0,99.0,f2434c0f-6c8f-4d7a-966d-554fd044d971,2024-04-16 18:44:41.880 +0530,e48e0e36-bd3e-443f-87bb-e29e0242b047,2024-04-16 18:44:41.887 +0530,GIV,UNITS,UNITS
"0a9a58c2-1e20-439f-9386-1219a6b4dde5",UPDATE,99.0,100.0,b363578c-ef1f-47b2-a65d-807b6ac624d3,2024-04-16 18:45:05.990 +0530,e48e0e36-bd3e-443f-87bb-e29e0242b047,2024-04-16 18:45:05.998 +0530,GIV,UNITS,UNITS
c822dd4d-de06-4db2-8e64-a7e51d37a6e5,UPDATE,100.0,99.0,"98ba2c30-8454-4abc-b670-208b68073e0a",2024-04-16 18:45:12.875 +0530,e48e0e36-bd3e-443f-87bb-e29e0242b047,2024-04-16 18:45:12.881 +0530,GIV,UNITS,UNITS
ab8de4b8-0398-4439-9b07-ea90bafcc3e9,UPDATE,99.0,97.0,a1f4a29c-cfac-4c14-9ef6-044d0fb38f8d,2024-04-16 18:49:06.848 +0530,e48e0e36-bd3e-443f-87bb-e29e0242b047,2024-04-16 18:49:06.854 +0530,GIV,UNITS,UNITS
c8d2f3a9-4f10-4790-8eae-22cd6204b5c1,INSERT,,100.0,"157997fb-e062-46a0-9d99-47d6459d91b3",2024-04-16 23:01:13.547 +0530,"4964c01f-e8ea-4b21-bd82-ff7afcc623a3",2024-04-16 23:01:13.554 +0530,GIV,,UNITS
"1135702a-3c27-4a49-ba68-bda56c3de416",UPDATE,100.0,111.0,"07719a38-0414-4500-9f77-ec01e23bdbd8",2024-04-16 23:20:10.142 +0530,"4964c01f-e8ea-4b21-bd82-ff7afcc623a3",2024-04-16 23:20:10.161 +0530,GIV,UNITS,UNITS
a6678fb4-7fac-4556-93d1-155033ec4be3,INSERT,,100.0,"7f1a1f3d-1f6d-4aa8-be61-9a8fe7fbdfe2",2024-04-17 11:58:04.403 +0530,"207c0bec-de8b-4fcf-b609-6bde0f223f80",2024-04-17 11:58:04.410 +0530,GIV,,UNITS
"6b6e2475-9aeb-4015-9c3f-e5ca4cb5fb5f",INSERT,,3420.0,bb5791fd-351b-4284-8f1a-b3888c363086,2024-04-17 15:06:51.974 +0530,"9f277934-bb3e-4b15-89fb-27598bae0c39",2024-04-17 15:06:51.995 +0530,GIV,,UNITS
b2ecee17-f0ec-4134-a463-fb73b54b2fcf,INSERT,,342110.0,c5216561-f6ab-4480-8b77-2ab4165416f8,2024-04-17 15:06:51.974 +0530,e4bedcde-d9c5-4f18-b04f-afae7e76542d,2024-04-17 15:06:51.995 +0530,GIV,,UNITS
"2857edec-88e9-4b41-90b3-7d8b695a4501",INSERT,,3421.0,bac1d00f-7cd5-4b1e-9d89-086d7f98e9fc,2024-04-17 15:06:51.974 +0530,"60c1d104-af55-4e71-9db8-2723ca8a2507",2024-04-17 15:06:51.995 +0530,GIV,,UNITS
cf053425-17b5-4e14-880b-e89ef6b64ab0,UPDATE,3420.0,342.0,fc8e88b6-22c1-471b-94e7-2c68930ce731,2024-04-17 15:15:38.213 +0530,"9f277934-bb3e-4b15-89fb-27598bae0c39",2024-04-17 15:15:38.227 +0530,GIV,UNITS,UNITS
c0696a26-83c9-4301-9061-d511ee064236,UPDATE,342110.0,342.0,c8642a30-1630-43da-90e8-091fd5a35747,2024-04-17 15:15:38.213 +0530,e4bedcde-d9c5-4f18-b04f-afae7e76542d,2024-04-17 15:15:38.227 +0530,GIV,UNITS,UNITS
abd4052c-6c1e-4426-a1f9-a7ea05e6999a,INSERT,,1001.0,"5f205db0-dcdd-4c24-b9ff-c6ff06b54d0b",2024-04-18 10:17:42.602 +0530,"7c41b15d-54b0-4f61-88e6-1492035eb4c8",2024-04-18 10:17:42.653 +0530,GIV,,UNITS
"96fee1ab-31ad-416a-9a28-835cc6cabda3",INSERT,,1002.0,"95643e3f-eda8-4429-beec-4910be18e909",2024-04-18 10:17:42.602 +0530,"943bfa75-7011-4e3b-9bdc-a3787336ad1b",2024-04-18 10:17:42.654 +0530,GIV,,UNITS
"9ddcfce1-270d-45d0-b422-ca1af028851c",INSERT,,1003.0,"82974bcb-30ab-48f0-98f6-039b5e9de443",2024-04-18 10:17:42.602 +0530,"42982ffe-78ca-4579-9406-caad48f9309c",2024-04-18 10:17:42.654 +0530,GIV,,UNITS
"2534aa07-52a7-41d6-a90b-567f93367bbd",INSERT,,1004.0,a02e024f-6c04-4047-8134-04a9c33e0b31,2024-04-18 10:17:42.602 +0530,"22d78491-df49-45a7-a846-74b5fb1c4af7",2024-04-18 10:17:42.654 +0530,GIV,,UNITS
ddf6dabe-2bc8-4eb8-84cb-14b77c42a884,UPDATE,1001.0,1002.0,be28f50a-6e2b-47f6-b222-90eef7154f49,2024-04-18 10:28:32.858 +0530,"7c41b15d-54b0-4f61-88e6-1492035eb4c8",2024-04-18 10:28:32.900 +0530,GIV,UNITS,UNITS
fc5e3d51-521f-40fc-a43c-78328f72f2f5,UPDATE,1002.0,1003.0,"13292196-bbc9-4b40-a5e5-abb95df7f24a",2024-04-18 10:28:32.858 +0530,"943bfa75-7011-4e3b-9bdc-a3787336ad1b",2024-04-18 10:28:32.900 +0530,GIV,UNITS,UNITS
"2227a1fb-914f-4a6b-af8d-bfd701d65df0",UPDATE,1003.0,1004.0,"4b3594fa-dd76-42e1-9a83-dc35f297107a",2024-04-18 10:28:32.858 +0530,"42982ffe-78ca-4579-9406-caad48f9309c",2024-04-18 10:28:32.900 +0530,GIV,UNITS,UNITS
"2f0047d5-0b2f-411b-8aab-2c67fd23e2a0",UPDATE,1004.0,1005.0,"71f94041-7a9a-43d7-996e-e9be3d45288d",2024-04-18 10:28:32.858 +0530,"22d78491-df49-45a7-a846-74b5fb1c4af7",2024-04-18 10:28:32.901 +0530,GIV,UNITS,UNITS
f45b6f45-bce5-49ab-8264-f1f2b30eaaae,UPDATE,1002.0,1003.0,"54b6a665-9234-47e1-9f44-8a8beb4271ab",2024-04-18 11:31:51.121 +0530,"7c41b15d-54b0-4f61-88e6-1492035eb4c8",2024-04-18 11:31:51.142 +0530,GIV,UNITS,UNITS
"613dca4d-03fa-461e-ac3f-1520120682ae",UPDATE,1003.0,1004.0,"04507ad7-8b84-48b1-98cb-16e6fafd85ba",2024-04-18 11:31:51.121 +0530,"943bfa75-7011-4e3b-9bdc-a3787336ad1b",2024-04-18 11:31:51.142 +0530,GIV,UNITS,UNITS
"59c7ea72-3a01-494a-871c-ec0cb1e2ff39",INSERT,,1004.0,"880a6a93-6c2c-4a90-8f7f-3002ccafba9e",2024-04-18 11:31:51.121 +0530,"3a539d39-8000-44ef-9c75-12837c79c21d",2024-04-18 11:31:51.142 +0530,GIV,,UNITS
f909bce2-ff75-4449-a759-1d1b931d2190,UPDATE,1003.0,1004.0,"3a2c4771-c6d8-4f66-98e2-2995a7b059c4",2024-04-18 11:33:20.290 +0530,"7c41b15d-54b0-4f61-88e6-1492035eb4c8",2024-04-18 11:33:20.307 +0530,GIV,UNITS,UNITS
e54bd93b-b6e6-4dd4-9a05-b7392c8eac0a,INSERT,,1004.0,aee3bbce-f866-48d0-866f-ee8f6b741f09,2024-04-18 11:33:20.290 +0530,"13481cea-a938-4ea5-b2ea-72d0077eabfa",2024-04-18 11:33:20.307 +0530,GIV,,UNITS
"605fb080-e36c-41dd-8229-cbab9d503ff2",INSERT,,10.0,cb234f7c-52be-48aa-961f-67353eac321e,2024-04-18 12:53:53.318 +0530,b9ea7260-1cdf-4b1d-8064-ffe621eba453,2024-04-18 12:53:53.334 +0530,GIV,,UNITS
d4974020-852c-4068-8e21-086a187e32fc,UPDATE,1004.0,1000.0,"1d4c67f9-3c49-4cd0-a075-7ee3a3efb2f3",2024-04-18 12:53:53.318 +0530,"13481cea-a938-4ea5-b2ea-72d0077eabfa",2024-04-18 12:53:53.334 +0530,GIV,UNITS,UNITS
e0afea04-7604-445a-bc2c-1873aa506fc3,INSERT,,10.0,"4627e351-82d4-4461-95db-e991337e08a6",2024-04-18 15:56:51.727 +0530,bc427bdd-9e42-49bb-826a-b70cfcc36c49,2024-04-18 15:56:51.740 +0530,GIV,,UNITS
"3f50ee5f-eaf9-4b99-9e23-1a7e5ee8bc33",INSERT,,30.0,"387e9d4d-ad45-4a29-9826-9b08b8b890bf",2024-04-18 16:57:22.259 +0530,f17608ab-2241-413a-938c-a9b4d8b95925,2024-04-18 16:57:22.266 +0530,GIV,,UNITS
"96456fb1-e958-4c3c-9e7e-d2d529c7cda4",INSERT,,30.0,"778caca4-7b69-4986-90be-b8745a3bff50",2024-04-18 17:40:26.224 +0530,d6183425-a362-4a04-80d3-8e7b32aac139,2024-04-18 17:40:26.250 +0530,GIV,,UNITS
"06b8b57c-f2a8-4b58-ac37-1a2ef143473d",UPDATE,30.0,15.0,a6877b4c-a876-4f5e-a851-d1a8db78e976,2024-04-18 17:47:16.236 +0530,d6183425-a362-4a04-80d3-8e7b32aac139,2024-04-18 17:47:16.253 +0530,GIV,UNITS,UNITS
"35d41a49-648f-4238-a545-577305868ce0",UPDATE,1004.0,10.0,b16f79e4-f5ac-42ee-9127-3cf944e50068,2024-04-19 17:02:42.672 +0530,"7c41b15d-54b0-4f61-88e6-1492035eb4c8",2024-04-19 17:02:42.776 +0530,GIV,UNITS,UNITS
a078eee6-65e3-4a95-a355-8eb3f0f8b036,UPDATE,1004.0,10.0,b18a57f8-ec17-4a78-bed3-6e2a720a0936,2024-04-19 17:02:42.672 +0530,"943bfa75-7011-4e3b-9bdc-a3787336ad1b",2024-04-19 17:02:42.778 +0530,GIV,UNITS,UNITS
"03180292-8817-4703-8e3d-b01e6b5ebee4",UPDATE,1004.0,10.0,eeaa17bd-ae7b-4d3e-ad64-3f50ec0b8d9e,2024-04-19 17:02:42.672 +0530,"42982ffe-78ca-4579-9406-caad48f9309c",2024-04-19 17:02:42.778 +0530,GIV,UNITS,UNITS
fca1b530-dd23-441d-9295-26f0836bf113,UPDATE,1005.0,10.0,"7a62e958-db2b-4924-b8dc-458889b670bc",2024-04-19 17:02:42.672 +0530,"22d78491-df49-45a7-a846-74b5fb1c4af7",2024-04-19 17:02:42.778 +0530,GIV,UNITS,UNITS
aea448a0-4d62-4e0f-8b04-646f113e68ea,INSERT,,1002.0,"085c10f5-5384-44c3-927b-3a4448421339",2024-04-22 15:14:49.649 +0530,de448b72-e143-431b-88d4-be9aaedaad11,2024-04-22 15:14:49.711 +0530,GIV,,UNITS
"32111523-afc4-48b9-b471-c1a918cb59c5",INSERT,,1003.0,f13fb715-3b6d-488c-a29b-608520ee87a9,2024-04-22 15:14:49.649 +0530,"76fd3b28-3967-476f-8686-10fa366f4954",2024-04-22 15:14:49.712 +0530,GIV,,UNITS
"5b01da70-8a5c-4892-8466-bba8133d1fc4",INSERT,,1004.0,a9d4bc8f-737d-4206-8e4b-9885c508011c,2024-04-22 15:14:49.649 +0530,e1e24837-bea0-4c6d-a2f2-e6ef0f140504,2024-04-22 15:14:49.712 +0530,GIV,,UNITS
a17310a7-46f5-4e0c-a354-798d2821483c,INSERT,,1005.0,eca6c874-5557-44e0-95dd-ea12627c9ea6,2024-04-22 15:14:49.649 +0530,bfe31246-1fa0-49b5-ac15-6aaeb22673e7,2024-04-22 15:14:49.712 +0530,GIV,,UNITS
fd3b227b-2977-4b62-a9fb-c664d0068d14,INSERT,,1001.0,"245973a5-057b-43b9-be01-7e01ee0ba57d",2024-04-22 15:17:34.222 +0530,"9332d8df-052d-47b4-91c7-0fce68b8c581",2024-04-22 15:17:34.247 +0530,GIV,,UNITS
"777d7a2f-39bc-4f05-8fd7-e89b6d51b922",INSERT,,1002.0,"5fe65377-1f17-445d-85c2-7cb09e883d2c",2024-04-22 15:17:34.222 +0530,"72ff02af-47f7-45f1-827b-c26062f616d8",2024-04-22 15:17:34.247 +0530,GIV,,UNITS
"321a5c24-1009-4830-9b5a-99c25fb7b796",INSERT,,1003.0,e464a8a9-7453-4e8c-8bc4-44bebcc703d1,2024-04-22 15:17:34.222 +0530,b0c67cde-624e-44db-ac6f-424a3a443c1e,2024-04-22 15:17:34.247 +0530,GIV,,UNITS
"500abb0e-f279-43b4-8162-bdfcbb6cf00f",INSERT,,1004.0,c1fb710e-f6a4-41f6-bb0d-ca3dd72ed0be,2024-04-22 15:17:34.222 +0530,"3e220678-4267-4cf2-8963-53ded95d53f2",2024-04-22 15:17:34.248 +0530,GIV,,UNITS
"6d110cee-7bf8-4517-97b6-1321b4765bf3",INSERT,,10.0,a3d73458-1e75-4dc4-8e5e-ca6b8a8357b7,2024-04-23 00:48:10.418 +0530,"35c483dd-e2eb-4342-b627-2cf477652d27",2024-04-23 00:48:10.441 +0530,GIV,,UNITS
"50529fe3-4e53-40ad-aa1a-92c00ef43841",UPDATE,10.0,1001.0,c084773b-6e1c-467c-b0a2-8bd2fadb8290,2024-04-24 12:58:29.030 +0530,"7c41b15d-54b0-4f61-88e6-1492035eb4c8",2024-04-24 12:58:29.076 +0530,GIV,UNITS,UNITS
b4da01a8-642d-4177-8173-d6c0bb60d1c2,UPDATE,10.0,1002.0,"785d62ca-5ec2-4a49-9ba7-50e7608d61cb",2024-04-24 12:58:29.030 +0530,"943bfa75-7011-4e3b-9bdc-a3787336ad1b",2024-04-24 12:58:29.076 +0530,GIV,UNITS,UNITS
"3b95aac0-a8a9-4a2d-b537-803b737df779",UPDATE,10.0,1003.0,"012e4fb3-7235-4a9d-bf46-d7ed36772ac3",2024-04-24 12:58:29.030 +0530,"42982ffe-78ca-4579-9406-caad48f9309c",2024-04-24 12:58:29.076 +0530,GIV,UNITS,UNITS
"38563209-690b-4e58-9b6a-cb9ab401e7b4",UPDATE,10.0,1004.0,cfee0399-dc61-461b-989f-3b7de6afddb3,2024-04-24 12:58:29.030 +0530,"22d78491-df49-45a7-a846-74b5fb1c4af7",2024-04-24 12:58:29.076 +0530,GIV,UNITS,UNITS
c4fbe1b3-87f5-4f3e-b6a7-3a057d613a08,INSERT,,100.0,"9bf7eec8-c805-4d1d-985d-9bf1d539d22a",2024-04-29 18:00:11.812 +0530,"7fa1a158-3c4f-40d3-94fa-46155f7ddefc",2024-04-29 18:00:11.836 +0530,GIV,,UNITS
"16b0989a-368f-4880-b9e8-c8a7c4c86768",INSERT,,103.0,"6f37b24d-dbce-45dd-aa98-b76844a2b478",2024-04-29 18:00:11.812 +0530,"052c6760-754c-432d-b5c5-1cbb88316489",2024-04-29 18:00:11.836 +0530,GIV,,UNITS
dadbec30-73d1-43c0-9e68-1b42f62bb18c,INSERT,,450.0,ed8a49a1-9eca-4d37-8d5d-bd08c46aa8ac,2024-04-29 18:00:11.812 +0530,ff54a258-2e06-495b-aaa1-c1145b2f6a91,2024-04-29 18:00:11.836 +0530,GIV,,UNITS
"3061e1d0-8bcd-43b2-8b64-85f8d23a2bd7",INSERT,,50.0,"1aacfbac-cf0f-4abd-ad24-8269a2c6cdd5",2024-04-29 19:42:54.518 +0530,"56176ead-2353-493e-bc7a-6b34f07badaf",2024-04-29 19:42:54.542 +0530,GIV,,UNITS
"861679fe-3ac0-48a3-929f-119472745a46",INSERT,,50.0,d3e866f3-f77f-49d2-a010-332e8ae6fab1,2024-04-29 19:42:54.518 +0530,"71d9fa1d-6576-41e8-88c6-650f57360d4b",2024-04-29 19:42:54.542 +0530,GIV,,UNITS
d8e8b4d7-970c-401b-a973-13026738cc18,INSERT,,50.0,"76d2102d-c68e-41cd-b287-ba4fed73b159",2024-04-29 19:42:54.518 +0530,"68f70002-29c2-4b3b-a5dc-c08bda31d581",2024-04-29 19:42:54.543 +0530,GIV,,UNITS
"1ba7f4b0-aac3-4b6f-8053-96963ff4af0f",INSERT,,50.0,d11034a5-cdda-4e84-9d02-40d5db920943,2024-04-29 19:42:54.518 +0530,"278e2476-b99b-4a39-8879-3a8562c5d011",2024-04-29 19:42:54.543 +0530,GIV,,UNITS
f6b7da77-14fa-4ac6-8d7b-d7d163d37d19,UPDATE,10.0,5.0,f2ddc7bd-82b8-4ae0-bf9c-6f41b369b147,2024-04-30 11:51:02.038 +0530,bc427bdd-9e42-49bb-826a-b70cfcc36c49,2024-04-30 11:51:02.076 +0530,GIV,UNITS,UNITS
b7d7d311-6c39-4466-b1fa-0b55603b1add,INSERT,,24.0,"33256eec-cb4f-4aa7-8fa8-7e5bf22e011f",2024-04-30 11:51:02.038 +0530,b1b88969-da0d-404c-b753-1a520fc02342,2024-04-30 11:51:02.076 +0530,GIV,,UNITS
"15517f8d-21c9-4836-93a9-31f11f33725e",INSERT,,20.0,adf14fae-e9dd-4d0b-9478-e3f8506086b2,2024-04-30 12:10:03.750 +0530,a669a405-6631-4c37-be18-af92b9729d2b,2024-04-30 12:10:03.788 +0530,GIV,,UNITS
"526fe298-5dc2-4ea5-a2c2-d803bca9fd3a",INSERT,,30.0,cab31115-d257-4cf4-bb00-3e95d2671244,2024-04-30 12:10:03.750 +0530,db757975-9261-475c-b75d-e1e715287fea,2024-04-30 12:10:03.789 +0530,GIV,,UNITS
"4b161c98-54d0-4e74-9925-9eb83cbe85f9",INSERT,,40.0,"96770531-9528-4caf-bf32-512f96b2aeaf",2024-04-30 12:10:03.750 +0530,"77a4a947-a4c8-4ae9-9821-8d2289e5fea4",2024-04-30 12:10:03.789 +0530,GIV,,UNITS
"814ec86c-dadf-42ad-9d56-fa8f1e106468",INSERT,,50.0,b5dee772-e6f3-480d-ac87-bf104d957954,2024-04-30 12:10:03.750 +0530,bc384596-ed64-4ef5-aa7e-1a96a4351de1,2024-04-30 12:10:03.789 +0530,GIV,,UNITS
f9744bda-cda1-4e44-83c5-4109f569eec8,INSERT,,50.0,"0a154005-f748-4ddb-9897-cfdb090d5ec4",2024-04-30 12:40:24.051 +0530,"9fea1b4a-4aba-4f0e-bd52-4cf4cc121c0b",2024-04-30 12:40:24.073 +0530,GIV,,UNITS
"17e05f96-3f06-40d9-ad02-9e0ded9d644c",INSERT,,50.0,a2c23bde-9030-4e60-9329-dde8c1225a8b,2024-04-30 12:40:24.051 +0530,"02043efd-124d-404d-8fcf-3c6ca607030c",2024-04-30 12:40:24.073 +0530,GIV,,UNITS
"314e6251-3176-4dfa-9a14-c2729654a14f",INSERT,,50.0,a760216e-df3c-4c75-a9e1-77b918b23cc6,2024-04-30 12:40:24.051 +0530,d29af2d5-3592-4aeb-9d31-a3d73ed5a78d,2024-04-30 12:40:24.073 +0530,GIV,,UNITS
"559be7f4-62fc-4df4-87a1-95d324fb4185",INSERT,,50.0,d8bb720a-9fd9-4561-a5d8-cb0440c9736e,2024-04-30 12:40:24.051 +0530,"0e33da17-fa87-4b7a-84be-488a79a09c25",2024-04-30 12:40:24.074 +0530,GIV,,UNITS
"03271869-9d3f-4fa8-8c36-6d120bc78dc7",UPDATE,300.0,99.0,f46d422d-37fb-4af0-8f6d-59a156ef2b4f,2024-04-30 13:33:37.152 +0530,c7bb1994-73b6-4288-a317-f92c81df3f46,2024-04-30 13:33:37.156 +0530,GIV,UNITS,UNITS
"78a1e165-81fe-4fea-99dc-46743d9dfea3",INSERT,,5.0,ed3f0314-ec2c-4084-a325-720dc1bd91f0,2024-04-30 14:25:00.654 +0530,"0e32e35e-0de3-4c3a-8237-96a6f8c968ca",2024-04-30 14:25:00.702 +0530,GIV,,UNITS
"9e5225be-2823-4c76-a8d0-f05238692d86",INSERT,,10.0,"09408eca-b04c-4153-b344-484905b1bc33",2024-04-30 14:25:00.654 +0530,"79624580-5c3a-472e-88eb-f0c200f3d51c",2024-04-30 14:25:00.704 +0530,GIV,,UNITS
"3baa59e0-9314-402c-91fb-e8019f584456",UPDATE,24.0,25.0,"8b17df1a-3263-4863-a0b3-b9588ea911bf",2024-04-30 14:41:03.082 +0530,b1b88969-da0d-404c-b753-1a520fc02342,2024-04-30 14:41:03.089 +0530,GIV,UNITS,UNITS
"7c1211c9-074d-4164-8e96-15d11577eadb",INSERT,,40.0,"69eef95b-867d-45f6-95cb-a1861d4acde8",2024-04-30 14:45:14.395 +0530,"03d23888-bf0f-45a3-8a7d-ad1b8cc9e534",2024-04-30 14:45:14.415 +0530,GIV,,UNITS
e2a22e31-c382-495b-a1e2-86925e1919e1,INSERT,,40.0,"9f65d247-9505-49a4-86c7-3189a50829ee",2024-04-30 14:45:14.395 +0530,c1383d3a-212c-4915-ae29-e9ad8ad3b16b,2024-04-30 14:45:14.415 +0530,GIV,,UNITS
e84117fe-78b4-430d-86c6-ad673755359d,INSERT,,40.0,"2f77c948-d1b8-4ee2-a86d-f6d174390a9d",2024-04-30 14:45:14.395 +0530,fd233624-666a-4220-a760-b1582e11daa8,2024-04-30 14:45:14.415 +0530,GIV,,UNITS
b8f33693-827e-4e52-96a0-f25972a81a02,INSERT,,40.0,d0408e91-eb82-4828-9976-a369446520ad,2024-04-30 14:45:14.395 +0530,aeb4841f-6d44-4c0e-8542-38f7639ed09a,2024-04-30 14:45:14.415 +0530,GIV,,UNITS
"287253f1-eafa-4874-af62-d35499daf76f",INSERT,,40.0,"74f9bf4e-be62-4bf4-b789-b4b132fee2bc",2024-04-30 14:45:14.395 +0530,a149eed7-1879-43ee-84d0-6843567dd017,2024-04-30 14:45:14.415 +0530,GIV,,UNITS
"4caa59f0-1ade-4802-8b43-31068f261772",INSERT,,40.0,d046b41d-c4dc-40ae-aba3-8e2f9051f0c2,2024-04-30 14:45:14.395 +0530,"51c21e6a-ef96-49e7-96a8-e3736a2d32ec",2024-04-30 14:45:14.415 +0530,GIV,,UNITS
"251816eb-f73a-41bc-bae4-c140bcf2e1b9",INSERT,,40.0,"15968288-35a9-48b8-9d3f-3d9c0c21120b",2024-04-30 14:52:06.741 +0530,"4c3bbd19-01c6-46ea-92a4-49353136ea2b",2024-04-30 14:52:06.777 +0530,GIV,,UNITS
"9b4d36fb-2c33-4a1c-a14a-081c7649cab4",INSERT,,40.0,f0b82046-773c-43b2-9ff4-e570e1f52121,2024-04-30 14:52:06.741 +0530,"96f6a9b9-bb56-4731-9b1a-416f68ee4715",2024-04-30 14:52:06.777 +0530,GIV,,UNITS
cd1e76d0-bb2e-4edc-9d09-413e5dcec6ca,INSERT,,40.0,"544307eb-0a3b-4b8d-8d13-5d8c88a124e3",2024-04-30 14:52:06.741 +0530,b2608135-f401-4882-9040-02f1a9c9af22,2024-04-30 14:52:06.777 +0530,GIV,,UNITS
a24ec8d5-98b3-49c8-ae98-dfb305dd7dd4,UPDATE,5.0,10.0,"13b2eef2-daf5-49ff-b9ea-e91900ba2f7a",2024-04-30 14:56:39.907 +0530,bc427bdd-9e42-49bb-826a-b70cfcc36c49,2024-04-30 14:56:39.922 +0530,GIV,UNITS,UNITS
"3a5403a6-1d18-4359-a301-b19ffbf4def5",INSERT,,100.0,"6e09ed7e-b88c-44f7-8665-bc90156eb21d",2024-04-30 17:30:12.339 +0530,"373316fe-ac76-41be-b35b-3936c3c14e8a",2024-04-30 17:30:12.347 +0530,GIV,,UNITS
e16920ea-26e7-45c1-9c6a-dfe79ceaed4a,INSERT,,100.0,bec63df3-96ec-4612-8874-ae863b77ac3b,2024-04-30 17:30:12.339 +0530,"8c38b439-d7b8-4637-b3c3-fadcba9d3cc4",2024-04-30 17:30:12.347 +0530,GIV,,UNITS
"4514ffad-bae9-485c-990a-47854a9e052c",INSERT,,100.0,"2cf96272-2059-4694-af4b-239b805a3107",2024-04-30 17:30:12.339 +0530,"0a6da9bb-9c7c-4a19-b198-b157223abf82",2024-04-30 17:30:12.347 +0530,GIV,,UNITS
d49148a8-8e54-4201-a90a-1e2439def468,UPDATE,100.0,200.0,"99fc7d3c-5f77-4ffc-aecf-af511f0c4380",2024-04-30 17:34:00.858 +0530,"373316fe-ac76-41be-b35b-3936c3c14e8a",2024-04-30 17:34:00.865 +0530,GIV,UNITS,UNITS
"00121da7-1042-477e-9750-cd08a95f5e33",UPDATE,200.0,0.0,"9df1d154-f459-4270-bf8f-0390d09e85f2",2024-04-30 18:26:00.455 +0530,"1af694a4-877d-48f3-83a3-9f786a52bb42",2024-04-30 18:26:00.469 +0530,GIV,UNITS,UNITS
a24a5688-44f3-45d5-a0aa-7611349a4791,UPDATE,100.0,0.0,"468a6f3e-9dec-4c5a-b5fc-4a94d2cab191",2024-04-30 18:26:00.455 +0530,ddfee8ba-b0cc-4065-8879-239ce6f82f56,2024-04-30 18:26:00.469 +0530,GIV,UNITS,UNITS
a9a53fff-1f92-4a8e-8860-37c7fc3e0647,UPDATE,300.0,0.0,"558332e1-ddb4-4d96-a589-5d047c2113a6",2024-04-30 18:26:00.455 +0530,ba437a51-5a89-4790-a8f7-45b083300c83,2024-04-30 18:26:00.469 +0530,GIV,UNITS,UNITS
beed1b4c-343e-41b0-b774-5ae536b2a142,UPDATE,100.0,0.0,"9e5268fe-3876-4de2-82b2-fdb369a67ef5",2024-04-30 18:26:00.455 +0530,"3be53159-28d4-4313-93c5-ab1f9c60ed0b",2024-04-30 18:26:00.469 +0530,GIV,UNITS,UNITS
"8c5df6bf-4e14-4e8d-ae17-a93997909d61",UPDATE,100.0,0.0,cdc77d54-7cfb-4de4-92e9-6da1c6251035,2024-04-30 18:26:00.455 +0530,"5c5df537-e6c6-48c5-96aa-89b99e72c1b1",2024-04-30 18:26:00.469 +0530,GIV,UNITS,UNITS
"50367baa-9e29-498a-ae04-d99cf67c2fb1",UPDATE,100.0,0.0,"7818f3a8-40db-47b0-a6a9-09ecbbb7d524",2024-04-30 18:26:00.455 +0530,f67db6c3-ce61-4b3e-99f6-85aae2afd456,2024-04-30 18:26:00.469 +0530,GIV,UNITS,UNITS
"28c961d1-fb83-48d1-a053-a514e0e11892",UPDATE,2000.0,0.0,"7eaa86e5-74e2-43b1-9f96-5605e0c6c897",2024-04-30 19:21:59.715 +0530,bbe52f7c-4d86-4ba3-b713-5bb67c68aa69,2024-04-30 19:21:59.746 +0530,GIV,UNITS,UNITS
"7eec95bb-2c87-448b-9d53-0457557e6cee",UPDATE,200.0,0.0,faec3b21-73d3-4bb0-bfb9-51f6850ed3e7,2024-04-30 19:21:59.715 +0530,"4878af5a-eca8-4820-857b-f95d12929270",2024-04-30 19:21:59.746 +0530,GIV,UNITS,UNITS
d1a15f1f-d114-4031-9945-b99f4154ffa8,UPDATE,10000.0,0.0,a8ea195b-e87f-491a-a284-fa6dc7897c70,2024-04-30 19:21:59.715 +0530,d4185611-65c7-45e8-9f4f-59e1b1c4e9fe,2024-04-30 19:21:59.746 +0530,GIV,UNITS,UNITS
"2514dea9-461b-411e-8e04-c48ca5d8e4df",UPDATE,200.0,0.0,"52b55f27-c94d-4290-83e6-33cce0534ec6",2024-04-30 19:21:59.715 +0530,"08221852-a565-45d1-8c68-335c384430bc",2024-04-30 19:21:59.747 +0530,GIV,UNITS,UNITS
"10af9f49-0fcd-4eeb-a726-a80669207eb2",UPDATE,10000.0,0.0,"1e5c4339-d970-4df7-ba9f-1b6f2be3b74f",2024-04-30 19:21:59.715 +0530,d21f1e1e-ddaf-4fcf-a35f-d9664e094d0c,2024-04-30 19:21:59.747 +0530,GIV,UNITS,UNITS
"35b2a069-438f-40c5-961b-d53893670dc2",UPDATE,200.0,0.0,f9738b2e-66b1-4f86-a753-073d6e7ba368,2024-04-30 19:21:59.715 +0530,dc77dbdf-1b98-404e-96e4-4e651003c169,2024-04-30 19:21:59.747 +0530,GIV,UNITS,UNITS
da467725-4853-42df-aa44-d29acc821725,UPDATE,100.0,0.0,"460be0e9-9850-4662-bf00-87f1ad9e3988",2024-04-30 19:21:59.715 +0530,"9b3d5faa-2355-401c-aaaf-5174ad63991d",2024-04-30 19:21:59.747 +0530,GIV,UNITS,UNITS
a885fef7-7eed-48c3-9b8e-9584233d88f2,UPDATE,200.0,0.0,"4635cd6b-ad92-41d4-b9aa-f745f4fd1168",2024-04-30 19:21:59.715 +0530,"779868f9-46b6-415e-ac10-50a24d102787",2024-04-30 19:21:59.747 +0530,GIV,UNITS,UNITS
"1c7842aa-1b2f-4278-83bd-c9d28905a9cf",UPDATE,100.0,0.0,d361c482-7f1b-4de7-ade7-ac49779eedcd,2024-04-30 19:21:59.715 +0530,"3c615bca-be64-46b2-b93a-256e1104bb48",2024-04-30 19:21:59.747 +0530,GIV,UNITS,UNITS
e09b47af-90b3-426f-969b-bee0fa4f13bb,UPDATE,100.0,0.0,fbe998d3-24af-4300-a056-f9aa2da56852,2024-04-30 19:21:59.715 +0530,"8ab2eea5-88f7-4a00-96f3-4f775f59f45d",2024-04-30 19:21:59.747 +0530,GIV,UNITS,UNITS
"6297ea47-7e36-48b4-8e64-093d070058bb",INSERT,,10.0,"48ec8531-bd69-4121-9197-0e1541a9235a",2024-05-02 10:49:32.507 +0530,"6a38bae6-738b-4c06-8ea1-a3262630a45e",2024-05-02 10:49:32.614 +0530,GIV,,UNITS
d29dab6d-75db-4132-98b9-b9b3d1a1240b,INSERT,,10.0,a8a72d73-5661-4a03-afbd-75a7d96fecff,2024-05-02 10:49:32.507 +0530,f3572bb7-4d26-488f-bf94-d44c953d0d1d,2024-05-02 10:49:32.618 +0530,GIV,,UNITS
"621e8952-af60-4609-86a4-4b54aafb0f4c",INSERT,,10.0,"56eaf954-d4f1-45af-8d08-454ad120de57",2024-05-02 12:42:12.928 +0530,c2bdde24-fb47-4ec6-a6ee-d73718a9d68e,2024-05-02 12:42:12.938 +0530,GIV,,UNITS
a56fd499-b147-4c41-b496-e4af03bb4844,INSERT,,10.0,"8e33f473-19ea-4aac-a193-b881b7b02124",2024-05-02 15:14:56.056 +0530,f8f4d355-c3fd-4653-8457-effd4f8f862a,2024-05-02 15:14:56.065 +0530,GIV,,UNITS
"5cf8fac3-0456-4dec-adf9-77942bec06ac",INSERT,,10.0,"0d4dc999-ce3c-46a7-b22e-6ce803105031",2024-05-02 15:20:11.935 +0530,"0bac2cb6-ebd8-46ea-98b3-79118d3d2490",2024-05-02 15:20:11.946 +0530,GIV,,UNITS
"3b80af1e-0492-4da8-9717-04beb0d8cd7b",INSERT,,7.0,fcd0186b-6494-4c73-b8ec-80099fa8bba8,2024-05-02 15:46:02.888 +0530,"569fd10e-b1e3-4f2a-8a93-bf85b37b2839",2024-05-02 15:46:02.909 +0530,GIV,,UNITS
"0b8706fa-849c-4ec6-83fc-40bc4cf1b45f",INSERT,,77.0,"307ce263-7b0f-4bed-85c9-bdb4db96d772",2024-05-02 15:46:02.888 +0530,"217f2f37-b3f1-4924-9576-d1ea6971a76d",2024-05-02 15:46:02.909 +0530,GIV,,UNITS
"14930df0-9970-4dd4-a123-1e0279bb962f",INSERT,,7777.0,b017509e-0969-439e-af44-005393cce4da,2024-05-02 15:46:02.888 +0530,"97e10f7d-714f-4f02-b1fb-68e0831f628b",2024-05-02 15:46:02.909 +0530,GIV,,UNITS
ca0c4d0e-aaa4-4bc5-869b-200cd42a0139,INSERT,,777.0,"0771f4a0-fff7-4a7b-949b-5ed3c5f09a7e",2024-05-02 15:54:55.939 +0530,"18208680-9c15-49c6-baa9-d2ae3e6e8d71",2024-05-02 15:54:55.966 +0530,GIV,,UNITS
"9e8b2018-bf42-4e5f-952b-c055c1ef1fcf",INSERT,,7.0,bc7f8603-c6dd-4e1c-a64b-d864b7efd617,2024-05-02 16:00:57.532 +0530,"144dc485-c29d-44c4-a8b4-b0a16e5ec9f5",2024-05-02 16:00:57.564 +0530,GIV,,UNITS
"09fe586a-e1f3-48c6-a64f-a6256c6289de",INSERT,,77.0,b07a926d-1bb0-46db-990d-80b1a8317393,2024-05-02 16:00:57.532 +0530,f914d6d8-0376-4409-b8ce-b5ac3b2cded8,2024-05-02 16:00:57.564 +0530,GIV,,UNITS
"1503eddf-934c-41e5-8bdc-4a3a50ef3b15",INSERT,,777.0,eeff8bad-afcb-44ed-b708-5258c5d6a9b3,2024-05-02 16:00:57.532 +0530,"400db1ba-f014-42f3-b834-19a2ebe5ed57",2024-05-02 16:00:57.564 +0530,GIV,,UNITS
"313576ba-3876-4f4b-8fa5-81202652587f",INSERT,,7777.0,"5fedb287-13b4-4ed6-aa91-aa5e5c55dd5b",2024-05-02 16:00:57.532 +0530,adb7722b-b0a9-4558-a945-b9b30547928e,2024-05-02 16:00:57.564 +0530,GIV,,UNITS
b89737b5-4364-450b-872f-815b6bc18892,INSERT,,7.0,"5a9e59fc-c335-4d42-809b-591e45a40a4b",2024-05-02 16:04:38.978 +0530,"962c5e05-4a0f-4896-84de-c49e8e6738bd",2024-05-02 16:04:38.996 +0530,GIV,,UNITS
"1ca3ee3d-342b-4ee9-b8ec-4aee176e4ea8",INSERT,,77.0,"40d3b83b-7ad2-403a-bd3f-01a3513f517c",2024-05-02 16:04:38.978 +0530,"55195806-ea51-4262-811d-78ad9d4fa74a",2024-05-02 16:04:38.997 +0530,GIV,,UNITS
f69fa6c5-bbbe-47dc-8768-d378048811a8,INSERT,,777.0,"0016d36a-372a-4cbe-a3a4-0cc7387645af",2024-05-02 16:04:38.978 +0530,"95858f39-ec1d-443a-a81d-22ad2d92b5da",2024-05-02 16:04:38.997 +0530,GIV,,UNITS
"76813dc6-eb18-47ef-97a5-1a67ee7bd4c9",INSERT,,7777.0,"7dbe8602-40c9-49f8-853d-5335e3b2ec3d",2024-05-02 16:04:38.978 +0530,"84f6a834-29da-4867-96b4-d5b0e944bac6",2024-05-02 16:04:38.997 +0530,GIV,,UNITS
f7affd5e-43e3-458a-a4e7-f45de64f7b5c,UPDATE,10.0,0.0,"1bb89a91-bfd8-4f2d-ac93-b52e6c2b39e7",2024-05-02 20:21:12.558 +0530,b30aed57-795f-4f0e-8455-f8f6bbd56f92,2024-05-02 20:21:12.602 +0530,GIV,UNITS,UNITS
f9fc644d-f0ed-4d8d-b93f-506b6a588e3d,UPDATE,24.0,0.0,a484bfdf-238e-41d0-a540-ea6c8ebb77c5,2024-05-02 20:21:12.558 +0530,"73358626-b0c0-4c26-9272-10750ea18319",2024-05-02 20:21:12.603 +0530,GIV,UNITS,UNITS
"686c5439-31b5-4dc8-9c0a-98238a8d24fe",UPDATE,24.0,0.0,"0cb4876a-6205-4531-925c-1a4a61425498",2024-05-02 20:21:12.558 +0530,bdf49f1f-95d4-4607-b010-27f3c941ce5c,2024-05-02 20:21:12.603 +0530,GIV,UNITS,UNITS
c698501d-82ce-4fba-bcc6-e9ee1abacba7,UPDATE,24.0,0.0,"2e6d5d37-afd5-4991-b91f-a18e74ef1c2b",2024-05-02 20:21:12.558 +0530,fc0b0022-e865-4d18-ac04-991b77522f13,2024-05-02 20:21:12.603 +0530,GIV,UNITS,UNITS
c3b8499b-f4c1-48ff-88b4-0a9021458a75,UPDATE,24.0,0.0,"00ebe7ba-5144-40fb-a128-8b4522f8d930",2024-05-02 20:21:12.558 +0530,"1a4bd0ce-5138-4fca-8172-f57f49437b2c",2024-05-02 20:21:12.603 +0530,GIV,UNITS,UNITS
"0a901714-4506-494e-aa3f-8e7e060b2d71",UPDATE,24.0,0.0,"6b5433e7-7993-44a1-af8b-53196d5ae388",2024-05-02 20:21:12.558 +0530,fdef86cf-af31-4da4-b7a8-12b6b19641c5,2024-05-02 20:21:12.603 +0530,GIV,UNITS,UNITS
"93d19583-ddf4-4a78-a9c8-7d04d60aee58",UPDATE,24.0,0.0,"6bc4327e-c992-4222-99a4-fbe9bdfdedf8",2024-05-02 20:21:12.558 +0530,"11cb2820-b5a9-4a24-9897-848736c1f0cb",2024-05-02 20:21:12.603 +0530,GIV,UNITS,UNITS
efc6b55f-90ce-45ac-ab81-2f00ee760922,UPDATE,24.0,0.0,"2e104e3f-7167-4288-b4fe-2821154b7b23",2024-05-02 20:21:12.558 +0530,"40ed27e6-cb0a-4005-9ac3-1e59519c9e5e",2024-05-02 20:21:12.603 +0530,GIV,UNITS,UNITS
bdefd494-04ea-488e-9cfe-61a34c960346,UPDATE,24.0,0.0,"3405a8fc-d2f8-43e5-8cd8-5f7128080ed2",2024-05-02 20:21:12.558 +0530,"51a68005-b6ac-415f-9a6b-bbdc9dfdb7ed",2024-05-02 20:21:12.603 +0530,GIV,UNITS,UNITS
b1d1bbf0-aade-4ea6-b725-aaa745966c2c,UPDATE,24.0,0.0,a76410f2-1138-4b8b-bfe3-9eb8d7318b21,2024-05-02 20:21:12.558 +0530,d759e345-e7d3-426d-bdfb-d6687c129dd1,2024-05-02 20:21:12.603 +0530,GIV,UNITS,UNITS
aba57600-bb02-45cd-a500-b3f29afb73f8,UPDATE,24.0,0.0,"68c49394-66d9-42a0-b27b-d3463c308b6f",2024-05-02 20:21:12.558 +0530,"06ecadc7-a469-4102-9fe9-5a5cdd8eaec0",2024-05-02 20:21:12.603 +0530,GIV,UNITS,UNITS
"486496c6-caa8-4f8c-8283-33a4fffcd6fc",UPDATE,24.0,0.0,"7f5537aa-e777-4a21-971d-e7edf6cee134",2024-05-02 20:21:12.558 +0530,ce84dd06-1a2b-482d-a03a-e20ba05286b3,2024-05-02 20:21:12.603 +0530,GIV,UNITS,UNITS
"310e440f-8378-4036-b1f7-9f5a9c3248ad",UPDATE,24.0,0.0,d4f786a0-1d44-43e8-bf8e-0d879fe4801b,2024-05-02 20:21:12.558 +0530,"54b55be4-d4bc-462d-a53f-e5daf9ee4210",2024-05-02 20:21:12.603 +0530,GIV,UNITS,UNITS
b99f4355-71b8-4a34-9142-b1311495bf3a,UPDATE,24.0,0.0,"9915be88-ff31-4f1b-b001-17cfcc5c7ca4",2024-05-02 20:21:12.558 +0530,fdff7243-ff72-48e3-9b46-b4f9e449ad8d,2024-05-02 20:21:12.603 +0530,GIV,UNITS,UNITS
"080d14a3-2f53-474f-9722-29d433a10230",UPDATE,100.0,0.0,"42c3b846-a4ae-4ede-9c86-1dd2f864d8cf",2024-05-03 12:25:29.851 +0530,"962c5e05-4a0f-4896-84de-c49e8e6738bd",2024-05-03 12:25:29.909 +0530,GIV,UNITS,UNITS
f0b36159-c539-4639-8325-1f2dd6d2f491,UPDATE,100.0,0.0,"9f0a5580-6655-4579-abbc-3cc28088c8ba",2024-05-03 12:25:29.851 +0530,"55195806-ea51-4262-811d-78ad9d4fa74a",2024-05-03 12:25:29.909 +0530,GIV,UNITS,UNITS
f6252e05-423a-4031-96d5-86da048b7c5f,UPDATE,100.0,0.0,e309a0ed-594b-41c4-bd25-c5936a5be80b,2024-05-03 12:25:29.851 +0530,"95858f39-ec1d-443a-a81d-22ad2d92b5da",2024-05-03 12:25:29.909 +0530,GIV,UNITS,UNITS
"981dbe03-900d-42aa-8b74-ecf021539bae",UPDATE,100.0,0.0,"3efd04c6-5144-4507-9022-380d575066eb",2024-05-03 12:25:29.851 +0530,"84f6a834-29da-4867-96b4-d5b0e944bac6",2024-05-03 12:25:29.909 +0530,GIV,UNITS,UNITS
e30bef96-57d8-48d3-8565-05824e78d171,INSERT,,7.0,b44b8072-a44e-4a97-bb4d-28f4fdf70840,2024-05-03 12:51:08.199 +0530,a97bd648-ce25-40b3-ada1-9d03d8cd922c,2024-05-03 12:51:08.235 +0530,GIV,,UNITS
a8dc29e6-34ff-433f-b049-7fef81e261a0,INSERT,,77.0,ccf8ccac-8332-4daf-8d78-d75147946b72,2024-05-03 12:51:08.199 +0530,c9077c8b-5bcf-4c1f-b7c5-878718fa1ffc,2024-05-03 12:51:08.235 +0530,GIV,,UNITS
eba2bc3c-9dda-4282-ac64-fa68b8850738,INSERT,,777.0,e08bd190-63b7-49ac-b696-276a4125b412,2024-05-03 12:51:08.199 +0530,"7c4c1594-4dfd-4d9c-8313-05a64218a35e",2024-05-03 12:51:08.236 +0530,GIV,,UNITS
bd0b9881-0f23-4993-a6bb-e6109f438371,INSERT,,7777.0,c806b003-e4cf-458a-bf46-fcb43e652e90,2024-05-03 12:51:08.199 +0530,"71312704-bb8a-4fe5-85c2-293d8543a34a",2024-05-03 12:51:08.236 +0530,GIV,,UNITS
"3b7423ff-fc2c-42eb-8996-e2c884150ff0",UPDATE,100.0,107.0,"2eea5cc1-3e47-4336-ad15-dd8ff876669b",2024-05-03 12:58:26.440 +0530,a97bd648-ce25-40b3-ada1-9d03d8cd922c,2024-05-03 12:58:26.448 +0530,GIV,UNITS,UNITS
"75c4e52b-29bd-45e8-84e8-8bfcb3e6d182",INSERT,,1000.0,"3ef8c51c-76c7-4e3a-b2bd-055a33cc8f7f",2024-05-08 11:57:02.930 +0530,fa56630f-09c3-4d00-a255-57f81194589f,2024-05-08 11:57:02.979 +0530,GIV,,UNITS
"0ca6b806-d986-4cf1-93fb-ccb54a81f4e1",INSERT,,10.0,"4ce1d2b0-18a8-491e-b406-67601c9d81fe",2024-05-08 11:57:02.930 +0530,"43962cfa-17ac-4a0f-aab0-2d7c9cf00bcc",2024-05-08 11:57:02.982 +0530,GIV,,UNITS
"04a7fe36-78f8-4b09-abec-d9db17f3cce6",UPDATE,24.0,0.0,"3943eac8-8d47-48ec-a01f-b0b95a08fd98",2024-05-08 16:13:55.325 +0530,"2523dec6-3ec8-49ea-bf11-8b082c885636",2024-05-08 16:13:55.373 +0530,GIV,UNITS,UNITS
ec084411-65b4-44cb-9b18-579cf6f99c91,UPDATE,24.0,0.0,"8cf373b1-b764-4ec0-85a3-42c9c0cac386",2024-05-08 16:13:55.325 +0530,a6b126b6-8128-41de-a77d-98e5daf71d41,2024-05-08 16:13:55.373 +0530,GIV,UNITS,UNITS
"06363835-2300-4e6b-bc07-4a63dbab1e5e",UPDATE,24.0,0.0,"3b4832e8-7bbc-4ad3-99ab-06ce5be24cef",2024-05-08 16:13:55.325 +0530,e3327a7c-f450-4785-b5f4-14b483d390d6,2024-05-08 16:13:55.374 +0530,GIV,UNITS,UNITS
"5bfc602d-e731-446d-bd59-2a5d04180706",UPDATE,24.0,0.0,ba58fc59-8967-4b1a-b7af-06b2da9f8bce,2024-05-08 16:13:55.325 +0530,"73bcbf49-83af-4517-971f-924e98447499",2024-05-08 16:13:55.374 +0530,GIV,UNITS,UNITS
b1875c98-57ce-4bd9-a5ce-e87aff0ec95b,UPDATE,24.0,0.0,ce800a68-2ff0-4536-9156-a6e97c536793,2024-05-08 16:13:55.325 +0530,"32631608-bfac-480b-b538-83e994a21ad4",2024-05-08 16:13:55.374 +0530,GIV,UNITS,UNITS
"23fd3d47-5da0-437c-b192-787a8414e4d1",UPDATE,24.0,0.0,"8544b11a-297d-4030-909f-f2318e724a63",2024-05-08 16:13:55.325 +0530,ad579648-87fc-4960-a3df-ba05bbbdcc7c,2024-05-08 16:13:55.374 +0530,GIV,UNITS,UNITS
"3142421c-fa3a-48a5-b13b-b327526b0237",UPDATE,24.0,0.0,"882da828-00fe-4484-8a04-8204c33f597e",2024-05-08 16:13:55.325 +0530,"87367573-4b77-42fb-903b-b645ed17a663",2024-05-08 16:13:55.374 +0530,GIV,UNITS,UNITS
"14f29e15-5ec2-4d33-9073-360809009adf",UPDATE,24.0,0.0,"25296faf-92b6-47cd-82d0-821882d18e68",2024-05-08 16:13:55.325 +0530,"22159a20-f8a2-4945-bff4-90cf5a73e953",2024-05-08 16:13:55.374 +0530,GIV,UNITS,UNITS
f9f49bb2-c503-4977-8122-8c325bc3161d,UPDATE,24.0,0.0,"5c54ba99-1fc1-49fb-834a-9122b0ea40a3",2024-05-08 16:13:55.325 +0530,"5e500b65-8f40-4c99-ac28-ade35e2c9741",2024-05-08 16:13:55.374 +0530,GIV,UNITS,UNITS
bc0774b8-0056-4402-9e2d-64109e730a08,UPDATE,24.0,0.0,"53eb9b89-5926-4974-be61-8a1b90ed4e20",2024-05-08 16:24:23.767 +0530,b3ef6e25-78a4-48d3-8452-d5f163470897,2024-05-08 16:24:23.772 +0530,GIV,UNITS,UNITS
"8bd7e382-5530-45c1-8719-1a5db87ae9be",INSERT,,177.0,"99f8957c-bceb-4038-b54e-10db09e206f3",2024-05-13 23:10:37.249 +0530,"256e93c6-323a-4a22-9fab-439287cf2f15",2024-05-13 23:10:37.275 +0530,GIV,,UNITS
bd600a72-5953-4fdf-83f1-1572f9736ce3,INSERT,,10.0,cf277ad7-5ecd-4e17-98e8-5b55d283bbc1,2024-05-14 11:16:10.438 +0530,b44ebdd8-6c0f-4d3b-a58b-abe6f8de7e6e,2024-05-14 11:16:10.444 +0530,GIV,,UNITS
"36983d2d-2873-4ff4-82cc-ba9eae313f4f",UPDATE,10.0,200.0,"4b01fdd5-0d2b-4620-bb5b-26c796f9622d",2024-05-14 11:18:54.271 +0530,b44ebdd8-6c0f-4d3b-a58b-abe6f8de7e6e,2024-05-14 11:18:54.275 +0530,GIV,UNITS,UNITS
a65b81d9-ed5f-4dd8-9062-acc7e19b1d8b,UPDATE,10000.0,9090.0,d4c1c999-75d6-4ad0-8765-aae03ae4d101,2024-05-14 15:06:32.282 +0530,f9259a37-3e9c-41fb-8032-12ae5bff0f72,2024-05-14 15:06:32.292 +0530,GIV,UNITS,UNITS
e40edb81-d664-477c-9b97-20c177bf91f1,UPDATE,3000.0,9090.0,"3340ddb2-8df2-4e83-b24a-06d93ca3e668",2024-05-14 15:13:53.214 +0530,"02487236-bc09-40c8-8902-d7d373a9c67b",2024-05-14 15:13:53.218 +0530,GIV,UNITS,UNITS
"6660b673-6300-4737-8d84-d7ff5eff8626",INSERT,,10.0,"4de30ffb-e954-42c2-8893-99176b21af23",2024-05-14 15:32:13.819 +0530,"9c886426-6f2f-4a86-9e6b-68b78c986798",2024-05-14 15:32:13.852 +0530,GIV,,UNITS
befbcad2-fc90-4983-8632-20acc1093b77,INSERT,,24.0,e286a1b1-1c40-4aba-8f4a-28d978701fbb,2024-05-14 15:32:13.819 +0530,"8f23c502-f8b8-4f62-a009-455e3a64c83b",2024-05-14 15:32:13.852 +0530,GIV,,UNITS
"027439e2-54ac-48c2-856a-a0e6893989f9",INSERT,,15.0,"9f981360-a310-4593-b7c6-5a88e55e7458",2024-05-14 15:32:13.819 +0530,"92db06c6-1881-4c36-898d-3d5367e6db03",2024-05-14 15:32:13.852 +0530,GIV,,UNITS
f6647531-9ee0-4503-ae9e-f7370860fbed,INSERT,,10.0,a90c07e1-78be-443a-a195-bc1f37458b32,2024-05-14 15:32:13.819 +0530,"1508848b-f8b9-4e38-9385-c8e3796a234e",2024-05-14 15:32:13.852 +0530,GIV,,UNITS
a39ca6a8-2264-4df6-b719-78ef780720de,INSERT,,244.0,"3ebd039e-e6de-42cd-be0a-3247f856ef6c",2024-05-14 15:32:13.819 +0530,d24b5c1f-43a1-478d-bdb0-c73ab79553f0,2024-05-14 15:32:13.853 +0530,GIV,,UNITS
"87ab139a-74bd-40f8-b015-1b2398062ec7",INSERT,,100.0,"587d4839-f9b1-4145-823d-b8cb56f8426c",2024-05-14 15:32:13.819 +0530,"356e4f09-82dd-497b-8f86-e734fa40fb6a",2024-05-14 15:32:13.853 +0530,GIV,,UNITS
"8576416e-2842-43fa-abab-048ed012f67e",INSERT,,100.0,cb77d637-3433-4d2e-914f-33821e11261b,2024-05-14 15:32:13.819 +0530,a35a61a0-e500-4f41-a3ad-72f12ac7260a,2024-05-14 15:32:13.853 +0530,GIV,,UNITS
fcbac189-4314-4dbd-8f15-c9afa084fa43,INSERT,,10.0,"402a72de-2286-4cc5-af24-ef8b1fbbb3f0",2024-05-14 15:32:13.819 +0530,a756b422-5e30-44b6-a8a8-a54070cd87c8,2024-05-14 15:32:13.853 +0530,GIV,,UNITS
"0c3e4f9e-9baf-4ed3-ac03-06d7c0f0f746",UPDATE,2000.0,100.0,f6bff805-a0b9-4e74-8e0f-04c8fb4ab6f1,2024-05-14 15:37:09.832 +0530,"9c886426-6f2f-4a86-9e6b-68b78c986798",2024-05-14 15:37:09.847 +0530,GIV,UNITS,UNITS
"98719a31-2782-4922-b5ff-e4bf5851a3fe",UPDATE,24.0,2400.0,"5a9e1021-1b1a-466a-89c7-68620e4d77e7",2024-05-14 15:37:09.832 +0530,"8f23c502-f8b8-4f62-a009-455e3a64c83b",2024-05-14 15:37:09.847 +0530,GIV,UNITS,UNITS
"86ea480a-d34a-4d87-8e27-97981a1cd839",UPDATE,15.0,1500.0,"0b5da78e-a5fa-403d-9ee7-8eff570e7cdf",2024-05-14 15:37:09.832 +0530,"92db06c6-1881-4c36-898d-3d5367e6db03",2024-05-14 15:37:09.847 +0530,GIV,UNITS,UNITS
"46350004-bcdc-49c2-967d-6218e03c7b34",UPDATE,10.0,1000.0,"8b683b34-32e9-4e64-a2ec-bc1036cbde4f",2024-05-14 15:37:09.832 +0530,"1508848b-f8b9-4e38-9385-c8e3796a234e",2024-05-14 15:37:09.847 +0530,GIV,UNITS,UNITS
"219dd19c-83b1-4461-8bb3-d73b854f1eeb",UPDATE,2000.0,200.0,"8179e3f6-4a72-4c3a-866e-59f533a6db35",2024-05-14 15:47:06.591 +0530,"9c886426-6f2f-4a86-9e6b-68b78c986798",2024-05-14 15:47:06.623 +0530,GIV,UNITS,UNITS
"542f080f-840b-4bdf-8c22-2ac8d21365c2",UPDATE,2400.0,9000.0,"79dd8d5b-63fa-4f0e-93aa-784dc491ff83",2024-05-14 15:47:06.591 +0530,"8f23c502-f8b8-4f62-a009-455e3a64c83b",2024-05-14 15:47:06.624 +0530,GIV,UNITS,UNITS
"2193f1d5-9dbf-4035-9b24-59783c9c63d4",UPDATE,1500.0,9700.0,ddc1fefc-9d9c-4bbd-8a4e-11034e550e7a,2024-05-14 15:47:06.591 +0530,"92db06c6-1881-4c36-898d-3d5367e6db03",2024-05-14 15:47:06.625 +0530,GIV,UNITS,UNITS
"2655c641-be6d-4929-9f0b-0b9db7fae143",UPDATE,1000.0,8900.0,b8d7e94a-3bd9-4a18-86cc-be86ff294811,2024-05-14 15:47:06.591 +0530,"1508848b-f8b9-4e38-9385-c8e3796a234e",2024-05-14 15:47:06.625 +0530,GIV,UNITS,UNITS
c704010f-d1dd-452d-aeb9-f5be5fc7d7d6,UPDATE,10000.0,899.0,"8f021ce6-e151-4af9-afbf-248caa286e62",2024-05-14 15:55:43.438 +0530,f9476321-c041-473a-afa4-5647e0817d7d,2024-05-14 15:55:43.451 +0530,GIV,UNITS,UNITS
d6b75005-9cfd-497b-8d04-998d364ddd7b,UPDATE,200.0,890.0,c7f8531a-c27f-4df4-9a7b-491abcd2bfed,2024-05-14 15:55:43.438 +0530,cbf654c0-090c-48af-ad96-f45fa359e725,2024-05-14 15:55:43.451 +0530,GIV,UNITS,UNITS
"4dbc79ed-4b2d-4a0e-96cc-53f0800b7170",UPDATE,2000.0,891.0,d09efe7d-cd59-4eb7-837a-0d17a3a1493f,2024-05-14 15:55:43.438 +0530,b8df70a1-ba26-4cb6-8109-1b00c6f4053a,2024-05-14 15:55:43.451 +0530,GIV,UNITS,UNITS
"6b5186f0-34ec-4f97-a705-e5e74ddd2fcd",UPDATE,2000.0,0.0,b428c1a1-7843-4624-ab4f-932653ee392c,2024-05-14 15:55:43.859 +0530,"2a50beb6-af4d-4f41-b312-9582686b903f",2024-05-14 15:55:43.879 +0530,GIV,UNITS,UNITS
"6ea0c29c-8503-45ae-8bad-ce42041ae999",UPDATE,10000.0,0.0,"8a453222-1886-4ea8-b7cb-ee06f2404f11",2024-05-14 15:55:43.859 +0530,"812d86fb-5059-4143-b0d5-0576f4cfd9cd",2024-05-14 15:55:43.879 +0530,GIV,UNITS,UNITS
"60cee35b-d326-44d2-bd02-d807ba68f747",UPDATE,2000.0,0.0,"31e778f3-0756-4321-a957-f089dc7c92ab",2024-05-14 15:55:43.859 +0530,ceefa413-26ce-4936-be56-b76a51d0e779,2024-05-14 15:55:43.879 +0530,GIV,UNITS,UNITS
"7aa9e303-9b66-4644-ac2a-93285ca55e28",UPDATE,200.0,0.0,ef216fcf-8fb5-4b3e-bdf3-e910d8efa226,2024-05-14 15:55:43.859 +0530,"3d785523-dac4-45fd-a371-354f39ecb569",2024-05-14 15:55:43.879 +0530,GIV,UNITS,UNITS
e8018099-0121-4b4a-b669-71ae71dd7046,UPDATE,10000.0,0.0,"83b0e0db-8b58-4be9-b78e-b071efc46d3c",2024-05-14 15:55:43.859 +0530,"7880d21f-7895-4808-a6b1-4c6439f0b69f",2024-05-14 15:55:43.879 +0530,GIV,UNITS,UNITS
"72a14d40-a91a-4632-a2ae-ce5265e2a08f",INSERT,,177.0,"23e5365e-f15c-480e-bce2-dff36cfe59d2",2024-05-14 19:05:23.151 +0530,b7d2da77-9fec-4f8e-9079-89b2325c85c0,2024-05-14 19:05:23.178 +0530,GIV,,UNITS
"06e95e41-061c-47bb-8a79-8b2db7596301",INSERT,,177.0,"8cf7337e-8ec5-4f5f-bf99-79c57f8615f1",2024-05-14 19:07:35.628 +0530,"8b0de929-de64-4f23-82b4-61b08dd71b2f",2024-05-14 19:07:35.680 +0530,GIV,,UNITS
e14bc7e8-4728-4db7-9f6c-b57282a7cd80,INSERT,,177.0,"6572f844-5db2-459e-b550-d9ceecf2ee5f",2024-05-14 19:07:35.628 +0530,bf07432a-1fc3-4e67-8dd5-bd9cd382b894,2024-05-14 19:07:35.680 +0530,GIV,,UNITS
da8a07fc-4250-4fd0-9cab-dd6b05d335c0,INSERT,,177.0,"86293adf-c3c8-4a0d-93bd-def20915fc46",2024-05-14 19:07:35.628 +0530,"4cdae454-98e3-4410-8c63-6d70ca489257",2024-05-14 19:07:35.680 +0530,GIV,,UNITS
"12974bb0-c8d9-4e56-ae6d-e52d8b5b6b7f",INSERT,,177.0,"92e11463-df9b-4bcb-aca9-2b8e61037ae8",2024-05-14 19:07:35.628 +0530,"879926bb-b745-4cd3-96e0-773d88df6d06",2024-05-14 19:07:35.680 +0530,GIV,,UNITS
f18a2144-b264-4294-96b9-3af843f75720,INSERT,,177.0,"2e7e01bd-836d-4071-93ed-0629046dfb97",2024-05-14 19:07:35.628 +0530,"577b19fd-5c62-4529-a3b9-0f733a6f898b",2024-05-14 19:07:35.680 +0530,GIV,,UNITS
c37dfa3a-b3a6-4165-bb93-15fab164768e,INSERT,,177.0,"4c83fc98-f07c-44ad-b72a-6fba471ccf34",2024-05-14 19:07:35.628 +0530,"41545178-98e8-45df-aca3-9334a8a6db10",2024-05-14 19:07:35.680 +0530,GIV,,UNITS
"4be4cfa7-5b4b-49be-931e-c7e6f01161b3",INSERT,,177.0,"18f4fc19-b758-422f-9f56-6b7c5b9db118",2024-05-14 19:07:35.628 +0530,"15a74b13-e911-40e3-bf24-ccc21440a6c3",2024-05-14 19:07:35.680 +0530,GIV,,UNITS
"06630afc-cc77-4f29-8dec-3c9b0aca2c7d",UPDATE,100.0,177.0,"74b8ae06-4afb-4980-965d-125a49d31f7a",2024-05-14 19:17:43.447 +0530,"8b0de929-de64-4f23-82b4-61b08dd71b2f",2024-05-14 19:17:43.468 +0530,GIV,UNITS,UNITS
"45b60e0b-1bb7-4615-923c-b0665611be4a",UPDATE,100.0,177.0,fd13b4c6-61fd-4a13-8df7-029480585ac6,2024-05-14 19:17:43.447 +0530,bf07432a-1fc3-4e67-8dd5-bd9cd382b894,2024-05-14 19:17:43.468 +0530,GIV,UNITS,UNITS
"3214a322-a0ef-4fc9-ace9-aaa8cee64af4",UPDATE,100.0,177.0,feff67d7-8824-466b-bf80-7a22df187d61,2024-05-14 19:17:43.447 +0530,"4cdae454-98e3-4410-8c63-6d70ca489257",2024-05-14 19:17:43.468 +0530,GIV,UNITS,UNITS
"2aca85b0-50e5-4b16-8ad1-ee18c9e0bf6e",UPDATE,100.0,177.0,"21044413-e91f-4d14-8bba-ea72f263cc0c",2024-05-14 19:17:43.447 +0530,"879926bb-b745-4cd3-96e0-773d88df6d06",2024-05-14 19:17:43.468 +0530,GIV,UNITS,UNITS
"8ee14546-0158-48b0-b0d2-18ce297385fd",UPDATE,100.0,177.0,"48a50dd8-8f72-4d44-ac40-7139dc3747ea",2024-05-14 19:17:43.447 +0530,"577b19fd-5c62-4529-a3b9-0f733a6f898b",2024-05-14 19:17:43.468 +0530,GIV,UNITS,UNITS
"02263952-7c0a-4634-ac6f-773d3af5970f",UPDATE,100.0,177.0,"42071cfb-2304-4614-923b-528a76865f26",2024-05-14 19:17:43.447 +0530,"41545178-98e8-45df-aca3-9334a8a6db10",2024-05-14 19:17:43.468 +0530,GIV,UNITS,UNITS
"8aba28ee-61c8-4734-aaaf-7d745de57a76",UPDATE,100.0,177.0,f6a2fafa-f285-4d46-b39b-ddab048fdb0e,2024-05-14 19:17:43.447 +0530,"15a74b13-e911-40e3-bf24-ccc21440a6c3",2024-05-14 19:17:43.468 +0530,GIV,UNITS,UNITS
"168fa6fb-e612-48dc-8782-c7236ff59c07",UPDATE,100.0,177.0,ea3470c7-3e9e-4d40-bde1-270acc5a6f1e,2024-05-14 19:47:02.422 +0530,"4cdae454-98e3-4410-8c63-6d70ca489257",2024-05-14 19:47:02.428 +0530,GIV,UNITS,UNITS
"3296b01f-0afb-40ad-a553-92b70f086a61",UPDATE,100.0,177.0,"599a3926-4a71-4382-a2a7-a8a045ab82c0",2024-05-14 19:47:02.422 +0530,bf07432a-1fc3-4e67-8dd5-bd9cd382b894,2024-05-14 19:47:02.428 +0530,GIV,UNITS,UNITS
"436860ef-184a-4f3c-b9ea-a78640433eff",UPDATE,100.0,0.0,"488dd8a8-ac52-484f-8a49-5f1b52b6e0e5",2024-05-14 19:47:02.742 +0530,b7d2da77-9fec-4f8e-9079-89b2325c85c0,2024-05-14 19:47:02.765 +0530,GIV,UNITS,UNITS
"11a17f9c-bac1-456e-aceb-4fbf00a27e98",UPDATE,100.0,0.0,"7a52b697-1586-4516-8c5d-6ce3b3ef316b",2024-05-14 19:47:02.742 +0530,"8b0de929-de64-4f23-82b4-61b08dd71b2f",2024-05-14 19:47:02.766 +0530,GIV,UNITS,UNITS
a55c483e-1782-42d3-a069-14a59391b4c1,UPDATE,100.0,0.0,dcb59897-dc01-48b5-b548-d782a005ede3,2024-05-14 19:47:02.742 +0530,"879926bb-b745-4cd3-96e0-773d88df6d06",2024-05-14 19:47:02.766 +0530,GIV,UNITS,UNITS
"5f2eb35e-cd93-4b0b-9a62-6f53245a5523",UPDATE,100.0,0.0,"5ecb6edb-16af-4581-9e26-0c444a75b56c",2024-05-14 19:47:02.742 +0530,"577b19fd-5c62-4529-a3b9-0f733a6f898b",2024-05-14 19:47:02.766 +0530,GIV,UNITS,UNITS
a9e4bcb1-f90f-4e10-a1ec-17ce621604d0,UPDATE,100.0,0.0,"837e9069-7d35-44f4-90fe-401040806a13",2024-05-14 19:47:02.742 +0530,"41545178-98e8-45df-aca3-9334a8a6db10",2024-05-14 19:47:02.766 +0530,GIV,UNITS,UNITS
"21397009-2570-4858-aa91-d2ba909b871f",UPDATE,100.0,0.0,a7c28822-afaa-410e-a127-53f8014b05b0,2024-05-14 19:47:02.742 +0530,"15a74b13-e911-40e3-bf24-ccc21440a6c3",2024-05-14 19:47:02.766 +0530,GIV,UNITS,UNITS
bc7352fe-46d9-4944-b74e-b9ae26a4eed1,UPDATE,100.0,0.0,"8a14e666-b7d7-4f7c-b2da-8fd13240431b",2024-05-14 19:47:02.742 +0530,"74ff8911-d162-425e-9ea1-05948dc7a5d7",2024-05-14 19:47:02.766 +0530,GIV,UNITS,UNITS
"4fc89508-8eb7-45da-96e2-a5ff9b42bb06",INSERT,,177.0,"89830a9f-6dcc-427b-93fe-671c4aa8e00e",2024-05-14 19:48:27.148 +0530,"06d17a1d-64aa-42ad-a597-d12f06cd24a3",2024-05-14 19:48:27.156 +0530,GIV,,UNITS
"10bc81dc-8755-4403-8d4f-3459583b71c3",INSERT,,177.0,"4410d875-8456-491a-b885-48fff5e8bec0",2024-05-14 19:48:27.148 +0530,b684014c-c346-4c2f-bc10-7ab0fa7e6ca4,2024-05-14 19:48:27.156 +0530,GIV,,UNITS
d8fde8dc-319f-4d47-8bb0-74513c019d88,INSERT,,177.0,"248a6ca6-f292-471f-8aca-bef973f4077d",2024-05-14 19:57:12.352 +0530,"0cf4b148-2209-458b-b0a8-fd20e7f930b6",2024-05-14 19:57:12.357 +0530,GIV,,UNITS
"80bfab38-d773-4128-902c-2c1ffef63bc6",INSERT,,177.0,cb26371b-a767-4302-90eb-af16f0c5c1b6,2024-05-14 19:57:12.352 +0530,"35597978-655b-41ab-89f6-80e0ca1362d7",2024-05-14 19:57:12.358 +0530,GIV,,UNITS
db72965b-79b6-4716-a356-868e6aa06383,UPDATE,177.0,1770.0,"2519f371-5d65-4b3a-bd4c-b8f73c19c5fb",2024-05-14 19:58:56.419 +0530,"0cf4b148-2209-458b-b0a8-fd20e7f930b6",2024-05-14 19:58:56.426 +0530,GIV,UNITS,UNITS
e52b06cc-f7cc-48a6-8f64-a037f5046cf2,UPDATE,177.0,1770.0,f830f016-8f2a-467f-8fd2-fcd6f3a40879,2024-05-14 19:58:56.419 +0530,"35597978-655b-41ab-89f6-80e0ca1362d7",2024-05-14 19:58:56.426 +0530,GIV,UNITS,UNITS
b6546fa0-d0ad-418f-b4a5-8c7a521e649b,INSERT,,77.0,e976612c-c917-4b0e-908d-44414a3df388,2024-05-14 21:13:50.886 +0530,d19b8e7c-ad80-4cc7-b4e6-aaffdfef9406,2024-05-14 21:13:50.892 +0530,GIV,,UNITS
"9554209b-7dfc-4435-b5fb-09dd721af4fb",UPDATE,77.0,177.0,b4088835-a3aa-4de8-9ade-9733ead57a2c,2024-05-14 21:19:45.980 +0530,d19b8e7c-ad80-4cc7-b4e6-aaffdfef9406,2024-05-14 21:19:45.984 +0530,GIV,UNITS,UNITS
"2793b00f-8aa7-4b01-80b9-a82082d7e999",INSERT,,177.0,ad0a0c65-3ec5-4d47-b6af-349f088ed424,2024-05-15 15:16:29.053 +0530,ad37a763-ccb3-4dcd-b03b-37d05ed6c942,2024-05-15 15:16:29.085 +0530,GIV,,UNITS
"90f1c128-67a3-4e2e-b300-cef3d26e2511",INSERT,,177.0,"73f0ec66-c426-4bf1-a3f2-df0d744eab8e",2024-05-15 15:16:29.053 +0530,"4463aad0-24c4-4df7-85bf-cfc896c83102",2024-05-15 15:16:29.085 +0530,GIV,,UNITS
fe5284b4-51e8-471d-b725-41a84fe901a8,INSERT,,177.0,"149622d8-7063-45ee-ab69-c8b3f06efa8d",2024-05-15 15:16:29.053 +0530,"50149be5-a3d8-4bb5-9afc-e5dee9c40f8f",2024-05-15 15:16:29.085 +0530,GIV,,UNITS
"5bd630f8-c724-48ed-a1e0-9de38915b2eb",INSERT,,177.0,bd7d6fe4-799b-4064-89b6-e923c38af9e9,2024-05-15 15:16:29.053 +0530,e76cc4c8-d786-490c-b81a-f6df6549b0ce,2024-05-15 15:16:29.085 +0530,GIV,,UNITS
"8cdbd8fc-c6d1-48f7-9e31-2b9875036847",INSERT,,177.0,"6abd0cc6-7db8-48e3-9263-234f248d6616",2024-05-15 15:16:29.053 +0530,fbbc9bd5-a305-4501-a78c-81666b32abee,2024-05-15 15:16:29.086 +0530,GIV,,UNITS
"6abdb66a-23b8-44e8-82d5-d84938eadfb2",UPDATE,100.0,177.0,"7a8340de-5869-4cbc-9979-57c052013c4b",2024-05-15 17:14:42.150 +0530,fbbc9bd5-a305-4501-a78c-81666b32abee,2024-05-15 17:14:42.168 +0530,GIV,UNITS,UNITS
c159fe5b-43a9-4206-b3c8-54ce01b2ea12,UPDATE,100.0,0.0,b360d06d-e3c6-4e9e-ae2b-e7088283cf40,2024-05-15 17:14:42.568 +0530,a0e4c5d1-92c4-4385-a95a-80f79c2e3423,2024-05-15 17:14:42.582 +0530,GIV,UNITS,UNITS
af4e80fa-841e-4b82-929e-4e49615d2355,UPDATE,100.0,0.0,"019357bc-b67b-473b-bab3-725f277d9011",2024-05-15 17:14:42.568 +0530,"2e5a8c26-eeb5-4520-91f8-6057bada6ede",2024-05-15 17:14:42.582 +0530,GIV,UNITS,UNITS
f785bdaf-d9b7-4936-91f8-12488c3c3cae,UPDATE,100.0,0.0,"605de555-db65-4c98-bd3d-15beedc12201",2024-05-15 17:14:42.568 +0530,"1a9098ca-42c4-4b28-9cfc-cde7fc03402a",2024-05-15 17:14:42.582 +0530,GIV,UNITS,UNITS
"59f3db82-539e-4d6d-a375-38901c34998c",UPDATE,100.0,0.0,ed185f18-726a-492d-8b14-deefa5ccd3a4,2024-05-15 17:14:42.568 +0530,a3068891-b04f-49fb-9ad9-d221d97a4669,2024-05-15 17:14:42.582 +0530,GIV,UNITS,UNITS
"656427f0-66a5-448b-8500-fbebb26f3201",INSERT,,200.0,df3c3609-653a-47ba-b151-91cb9b4d7bc7,2024-05-15 18:50:11.097 +0530,d73d6b97-0c81-4b09-b5e6-4a239d4cfe49,2024-05-15 18:50:11.102 +0530,GIV,,UNITS
b1730bdd-3884-4e9e-8dfe-c3ab67ea6f6a,INSERT,,200.0,"3e0a1cc1-0a8c-4e6d-8800-13191f1dde5a",2024-05-17 12:30:02.936 +0530,"9d558654-4fd2-4091-a234-4675306851da",2024-05-17 12:30:02.953 +0530,GIV,,UNITS
f6227909-9339-4f22-82ee-8893989b41d9,INSERT,,30.0,"1401edc3-4dc3-4fc3-939d-e40f324275c5",2024-05-21 13:22:59.393 +0530,c085b03c-959d-4e5e-bc41-30c3e98a1ccc,2024-05-21 13:22:59.404 +0530,GIV,,UNITS
"850a6b80-a342-4c99-9440-efcbbae7c887",INSERT,,30.0,"3e4346b8-a471-4fb2-8876-d837bd49fc46",2024-05-21 13:25:17.226 +0530,"75febc3b-7a6c-4e11-85ee-85c4208a2a96",2024-05-21 13:25:17.231 +0530,GIV,,UNITS
"1bbe881b-00b9-4744-8889-8d3129b12e80",INSERT,,99.0,"70000fe8-a2a5-43b2-806a-c465e71b5d7e",2024-05-24 14:31:08.133 +0530,"970a66c2-f18c-4ffb-9932-6a20862b8edf",2024-05-24 14:31:08.145 +0530,GIV,,UNITS
"61f23bf7-bd2b-4106-b6aa-c5b8dfdad7a9",INSERT,,50.0,"8ac7c2d5-f2d5-43cc-a309-dcf1acec2916",2024-05-24 16:00:53.290 +0530,"4328542a-827c-494c-8fd9-d026de146074",2024-05-24 16:00:53.309 +0530,GIV,,UNITS
b1109bc1-8dec-4752-adf8-2ece165fd814,INSERT,,60.0,"3d2a59d4-7c98-4625-b30e-ca113804fdfa",2024-05-24 17:38:19.643 +0530,c3ec766f-344a-4038-ba0f-519818d6b979,2024-05-24 17:38:19.731 +0530,GIV,,UNITS
"6b9d6bee-6706-4d9e-a1df-59af8ce137a9",INSERT,,10.0,"76251dbc-f00b-4c84-855d-82f0466211df",2024-05-27 11:32:30.996 +0530,fba0c137-6dea-4019-8b1a-2eecda766c36,2024-05-27 11:32:31.055 +0530,GIV,,UNITS
"1345f14d-26dc-4844-9e94-5c1c56d322b9",INSERT,,10.0,c696e5d0-5466-438e-8381-d35b62831755,2024-05-27 11:32:30.996 +0530,"7ec27b21-cad7-4459-9004-9c4cd1ff4ebe",2024-05-27 11:32:31.057 +0530,GIV,,UNITS
"3fcb70b5-24ed-421b-b73e-251de656d0cc",INSERT,,10.0,"2ede9472-6cc7-4198-b940-afd8737c7f14",2024-05-27 20:00:34.081 +0530,"62bea9d7-253d-4ee4-80b5-476f8b8ffe74",2024-05-27 20:00:34.102 +0530,GIV,,UNITS
"41a23e95-1e00-444f-89b8-5e48d23be5ec",INSERT,,15.0,"9344be72-cab9-4e6c-8ddc-f1e63dc39c42",2024-05-27 20:00:34.081 +0530,"0af5fe47-f062-432e-80db-5cc87195ee02",2024-05-27 20:00:34.103 +0530,GIV,,UNITS
"384d500f-a529-4dc4-b0c6-16ba58f9a6fb",INSERT,,10.0,"2003f143-7ce2-4a81-8acb-bdf351ff596b",2024-05-27 20:00:34.081 +0530,"1602f448-b38e-45ec-8744-7fad02731442",2024-05-27 20:00:34.103 +0530,GIV,,UNITS
"875d0d4a-e08e-4655-a0f2-b65c5feac01d",INSERT,,20.0,ffbb0893-5f3d-48ae-bad0-f07db6551e17,2024-05-27 20:00:34.081 +0530,"80b46cd9-d38b-4072-871a-86537bad72df",2024-05-27 20:00:34.103 +0530,GIV,,UNITS
afa045d2-e3d5-4aab-9f7b-c43e61f0dd32,UPDATE,10.0,0.0,"6323e495-4932-46b3-acce-321756e8400c",2024-05-27 20:00:34.454 +0530,fba0c137-6dea-4019-8b1a-2eecda766c36,2024-05-27 20:00:34.464 +0530,GIV,UNITS,UNITS
"55fb5b9a-aca4-4a84-aa8a-fcabdbf5e870",UPDATE,100.0,0.0,eaf53210-741e-4cd9-b7d7-14b516d28349,2024-05-27 20:00:34.454 +0530,b5f50992-49fb-4db7-bb6b-4e51d112f181,2024-05-27 20:00:34.464 +0530,GIV,UNITS,UNITS
"2fb16e96-2ab8-4379-8827-4fd45005e35f",INSERT,,10.0,"31c57c84-4402-470c-937d-618141be5b80",2024-05-28 10:27:54.808 +0530,"250877cc-3c20-4a7f-8e9b-5e5d6d35cfe3",2024-05-28 10:27:54.847 +0530,GIV,,UNITS
"280f41b8-2485-4135-ac7b-be6677380d7d",INSERT,,15.0,"14b0b2bf-2961-4ef4-be34-73f32b73ee4e",2024-05-28 10:27:54.808 +0530,f6a2df46-965b-4536-8278-3da2387df267,2024-05-28 10:27:54.848 +0530,GIV,,UNITS
f5a30c6a-72a8-4dd1-96b5-539b475b8fe4,INSERT,,10.0,"016ef1c6-712c-4dd8-8556-65e40b8a3812",2024-05-28 10:27:54.808 +0530,"15da98f4-e4ad-4652-ad7c-833c880ac03c",2024-05-28 10:27:54.848 +0530,GIV,,UNITS
"229e23c2-45cc-44df-a813-3b87291166ed",INSERT,,20.0,aab9b4ae-1267-4221-b278-c5812f56c5f7,2024-05-28 10:27:54.808 +0530,cc84a015-5f2b-4e36-b7cf-263ab1522033,2024-05-28 10:27:54.848 +0530,GIV,,UNITS
d0774935-21a0-4d33-975c-a03b56211b3e,UPDATE,5.0,0.0,"71d91c2d-fd2d-48b7-bcc4-48786e8e3b24",2024-05-28 14:34:32.548 +0530,"250877cc-3c20-4a7f-8e9b-5e5d6d35cfe3",2024-05-28 14:34:32.553 +0530,GIV,UNITS,UNITS
c3cebaa3-2764-4619-8e37-1218c29092d4,UPDATE,5.0,0.0,bba577a8-b110-4d48-9412-c6fc6505d311,2024-05-28 16:05:01.308 +0530,cc84a015-5f2b-4e36-b7cf-263ab1522033,2024-05-28 16:05:01.312 +0530,GIV,UNITS,UNITS
"96870dfb-0044-44e1-bdd8-07ff9812f1e6",INSERT,,1770.0,"9bf7f08c-a7bc-475b-8c2d-4591c1178235",2024-05-29 18:05:18.133 +0530,"140c24b2-54bf-4701-81d1-1977b644764c",2024-05-29 18:05:18.168 +0530,GIV,,UNITS
f3715f21-c15c-4fdf-8d50-0448fa804e52,INSERT,,1770.0,cdf90e5b-d5f9-4a23-803d-e12020f63e5a,2024-05-29 18:05:18.133 +0530,"68c24560-a2d0-4343-a66f-ef0225e6f0f4",2024-05-29 18:05:18.170 +0530,GIV,,UNITS
"1f7a8dd0-7b9f-4074-83d7-a3a3425e14c4",UPDATE,1770.0,177.0,b452d38d-bd0f-48cf-adc1-0838b6fd18d4,2024-05-29 18:09:12.182 +0530,"140c24b2-54bf-4701-81d1-1977b644764c",2024-05-29 18:09:12.188 +0530,GIV,UNITS,UNITS
"53555823-0185-4741-abcc-5e3bf1c036ca",UPDATE,1770.0,178.0,"70d4f4cf-8673-4ef6-b7d3-b9d707823bee",2024-05-29 18:09:12.182 +0530,"68c24560-a2d0-4343-a66f-ef0225e6f0f4",2024-05-29 18:09:12.188 +0530,GIV,UNITS,UNITS
